date,max_temperature,avg_temperature,min_temperature,max_dew_point,avg_dew_point,min_dew_point,max_humidity,avg_humidity,min_humidity,max_wind_speed,avg_wind_speed,min_wind_speed,rainfall
1/1/2014,90,83.7,79,75,72.3,70,79,69.1,55,13,6.5,0,9.07
3/1/2014,90,81.9,79,79,74,72,94,77.8,62,10,6.3,0,5.66
5/1/2014,88,82.4,77,77,73,72,89,74.3,58,10,4.8,0,3.26
10/1/2014,84,78.3,77,77,75.6,75,100,92,79,10,4,0,0.98
11/1/2014,84,79.3,77,77,73.7,72,100,83.9,70,14,6.9,0,0.02
13/1/2014,90,83.6,79,75,72.3,70,84,69.3,55,10,6.7,0,0
15/1/2014,86,80.8,75,75,71.8,68,94,74.8,62,12,4.8,0,2.01
18/1/2014,88,81.7,77,70,67.1,66,74,61.8,49,16,10.8,6,2.59
19/1/2014,90,81.3,75,73,67,64,79,62.6,46,14,8.6,2,0.63
21/1/2014,90,81.7,75,66,65,61,73,58.1,40,17,9.5,3,1.81
23/1/2014,90,81.5,75,72,67.9,66,78,63.9,49,14,9,3,1.07
24/1/2014,90,82.1,75,72,67.5,64,74,62.1,46,10,7.4,2,0.14
27/1/2014,91,83.8,79,72,67.1,63,74,57.7,43,12,8.2,1,3.47
28/1/2014,91,83.3,77,77,69.7,66,84,64.3,49,12,7.5,1,8.31
29/1/2014,90,82.8,79,77,72,68,94,71.2,49,13,6.6,0,0.02
30/1/2014,93,83.5,77,75,69.2,64,89,63.3,46,12,6.8,0,0.02
31/1/2014,91,83.1,77,77,68.5,63,89,62.6,46,10,7.1,1,0.14
1/2/2014,90,82,75,72,66.7,63,74,60.4,49,12,6.5,0,11.29
2/2/2014,90,81.6,73,72,68,64,83,64.3,49,14,5.7,1,1.36
3/2/2014,91,82,75,72,70.5,66,89,69.1,43,14,5.1,0,0.43
5/2/2014,90,80.7,72,75,71.9,68,94,75.9,59,10,3.5,0,0
9/2/2014,91,83.5,77,75,72.9,70,89,71.6,52,10,5.2,0,0.85
12/2/2014,90,82.8,77,79,74.9,73,94,78.5,62,14,4.5,0,0.01
14/2/2014,91,84.3,79,79,75.1,70,89,74.8,59,14,5.9,0,0
18/2/2014,93,85.5,81,79,75.8,73,89,73.8,55,10,4.3,0,0
19/2/2014,93,85.3,79,79,75.8,73,89,74.3,55,12,3.9,0,0.06
20/2/2014,91,84.3,81,79,75,72,84,74.1,59,21,7.1,0,1.77
22/2/2014,93,83.9,79,79,74.3,70,94,73.8,49,15,7.3,0,0
23/2/2014,91,83.6,77,77,75,72,89,76.4,55,13,5,0,0.01
27/2/2014,93,84.3,79,77,73.3,70,84,70.5,49,15,6.4,0,0.01
6/3/2014,91,83.6,77,77,72.7,66,94,71.4,49,13,5.8,0,0.22
8/3/2014,91,85.1,79,79,76.8,75,94,76.8,59,14,5.3,0,0
12/3/2014,93,85.1,79,77,73.2,70,84,68,49,15,6.1,0,0
13/3/2014,91,85.3,79,79,75.4,72,89,73.6,55,12,4.5,0,0
14/3/2014,93,85.8,81,79,75.3,72,84,71.7,56,12,6.5,0,0
20/3/2014,91,85,81,79,77.1,75,89,77.6,59,10,4.1,0,0
24/3/2014,93,85.9,81,79,74.6,72,84,69,52,14,6.8,3,0
25/3/2014,91,85.1,77,79,76.8,73,100,77.4,55,13,6.1,0,0
28/3/2014,93,86.9,82,81,78.8,77,89,76.5,63,13,4.8,0,0.29
29/3/2014,91,84.2,79,81,78.9,77,94,83.6,66,15,5.6,1,2.88
30/3/2014,90,84,79,81,78,77,94,82.8,66,12,4.9,0,17.8
31/3/2014,91,85.2,81,81,78.7,75,94,80.8,62,15,4.8,0,14.99
5/4/2014,88,81.2,73,81,77.3,72,100,88.1,70,18,4.7,0,29.78
6/4/2014,91,82.8,75,81,77.4,75,100,84.4,63,12,4.7,1,1.63
9/4/2014,91,83.9,79,79,77.9,75,94,82.7,62,10,3.8,0,14.39
11/4/2014,90,83.4,79,81,78.5,77,94,85.2,70,8,2.6,0,5.51
14/4/2014,90,84.2,79,81,77.8,75,89,81.2,70,9,3.8,0,14.54
18/4/2014,88,83.3,79,81,77.8,73,94,83.4,75,13,5.1,0,16.79
20/4/2014,90,84.7,81,81,79.3,77,94,83.7,70,12,5.6,1,6.87
21/4/2014,90,83.4,79,81,78.7,77,100,85.8,75,14,5.4,0,0.54
24/4/2014,88,82.4,79,81,78.7,77,94,88.4,79,13,4.6,0,0.01
26/4/2014,91,84.7,81,81,79,77,89,83,70,9,3.1,0,0.01
1/5/2014,88,83.7,79,81,78.7,77,94,84.9,75,10,3.6,0,17.14
4/5/2014,91,84.8,79,81,77.8,75,94,80,66,12,4.7,0,0.17
6/5/2014,91,83.2,77,81,78.6,75,100,86.6,66,12,4.1,0,0.01
7/5/2014,91,84.5,79,81,79.1,77,94,84.1,66,13,4.3,0,5.38
9/5/2014,91,85.3,79,82,79.3,77,94,82.5,66,10,4.7,1,24.07
10/5/2014,88,80.4,77,79,76.9,75,100,89.8,74,15,4.9,1,1.7
11/5/2014,90,83.7,77,81,77.5,75,94,82.3,70,10,4.1,0,1.44
12/5/2014,88,82.8,77,82,78.6,75,100,87.1,74,12,4,0,0.06
13/5/2014,90,83.1,77,81,78.6,75,100,86.5,70,10,3.2,0,0.27
15/5/2014,91,83,79,82,78.3,73,94,86.3,66,10,3.4,0,0.01
16/5/2014,91,83.8,79,81,77.5,77,94,82.2,66,8,3.5,0,0.09
22/5/2014,91,85,79,79,78.4,75,94,81,66,9,4.2,0,0.05
26/5/2014,90,82.5,79,82,79.3,77,100,89.6,70,8,2.7,0,101.12
10/6/2014,91,86.7,81,82,80.3,79,94,80.8,66,12,4.2,0,0
13/6/2014,93,85.5,81,81,78.4,77,94,79.9,59,9,3,0,30.39
15/6/2014,91,86.3,82,82,80.4,79,94,82.2,66,10,4,0,13.67
16/6/2014,93,87,84,81,78.4,75,84,75.5,63,15,7.7,1,1.17
17/6/2014,90,85.5,82,81,79.3,79,94,81.5,70,9,3.3,0,0
19/6/2014,93,86.4,81,82,79.2,77,89,79,63,8,3.3,0,1.94
21/6/2014,91,86.2,81,81,80,79,94,81.5,70,12,4,0,2.59
24/6/2014,91,85.9,81,81,78.4,75,89,78.1,66,10,3.8,0,27.07
26/6/2014,91,85.7,81,81,78.8,77,94,79.8,63,9,3.3,0,0
27/6/2014,90,82.5,77,81,79.1,77,100,89.2,75,8,2.2,0,0.84
28/6/2014,91,83,77,81,78.9,77,100,87.3,71,12,2.6,0,1.99
29/6/2014,82,79.4,77,79,76,73,100,90.2,79,12,4.2,0,0
30/6/2014,88,79.9,77,79,76.4,73,100,89.7,75,12,4,1,0.02
1/7/2014,91,83.4,77,81,77,73,94,81.7,66,12,4.4,0,0.04
2/7/2014,91,85.3,79,81,78.7,77,94,80.7,63,10,3.3,0,0.33
3/7/2014,90,84,81,81,78.9,77,94,84.6,70,12,3.1,0,1.7
4/7/2014,90,85.1,79,81,79.1,77,100,82.8,66,10,4.4,0,0.94
5/7/2014,90,83.5,75,81,78.9,75,100,85.4,75,10,3.7,0,1.06
6/7/2014,91,85.7,81,81,79.4,77,94,81.4,70,13,4.8,0,1.17
8/7/2014,90,84.9,81,81,78.4,77,89,81.3,70,10,3.2,0,0
9/7/2014,90,84,81,79,76.9,75,89,79.7,62,10,3.5,0,0.23
10/7/2014,88,84.4,81,81,78.2,75,89,81.9,75,8,3.3,0,0
11/7/2014,90,84.2,81,81,78.9,77,94,83.7,70,12,3,0,15.66
12/7/2014,90,84.6,81,81,78.2,75,94,81.1,70,10,3,0,35.5
14/7/2014,91,85.4,81,81,77.3,75,89,77.2,62,12,3.6,0,22.05
17/7/2014,88,82.7,77,82,78.5,75,94,87.2,75,9,2.5,0,0.53
19/7/2014,90,83.8,77,81,76,73,94,78.3,66,12,4,0,0.68
23/7/2014,90,84.8,81,81,78.5,77,94,81.9,66,9,3.9,0,16.82
24/7/2014,91,84.8,81,81,78.8,77,94,82,66,13,5,0,15.84
25/7/2014,91,85.5,81,81,78.6,77,94,79.9,66,13,4.8,0,21.2
27/7/2014,91,83.7,79,79,76.8,73,89,80.5,63,14,3.5,0,10.38
31/7/2014,90,84,81,79,78.3,77,94,82.6,66,9,3.3,0,5.27
6/8/2014,82,80.4,77,77,75.6,73,94,86.1,79,15,3.4,0,0.09
10/8/2014,91,82.3,75,79,75.6,72,100,81.4,59,13,5.9,1,0
12/8/2014,86,81.5,77,77,75.8,72,94,83.2,70,10,3.7,0,5.86
13/8/2014,81,79.5,79,75,74.5,73,89,86.5,79,2,1.5,1,2.57
14/8/2014,86,81.1,77,77,75.9,73,94,84.9,74,9,3.4,0,1.68
15/8/2014,86,80.2,75,79,75.5,73,100,86.6,70,15,3.7,0,10.32
16/8/2014,88,82.4,79,79,76.5,75,94,82.9,70,15,4.9,0,25.33
18/8/2014,86,81.3,77,81,77.8,75,100,89.1,79,16,3.1,0,5.35
19/8/2014,90,82.6,77,79,76.6,73,100,83,66,10,3.6,0,0.23
20/8/2014,88,81.8,77,79,76.3,73,100,84.2,70,10,3,0,8.57
23/8/2014,86,79.7,77,79,76.7,75,100,91,79,9,3.2,0,3.09
28/8/2014,86,79.8,75,77,74.2,70,100,83.5,74,10,2.7,0,4.72
29/8/2014,88,81.4,75,77,75.2,73,94,82,66,7,2.4,0,8
31/8/2014,90,84,79,79,77.8,77,94,82.3,66,14,4,0,45.08
4/9/2014,88,82,79,79,76.3,73,94,83.3,70,15,3.9,0,15.81
5/9/2014,90,81.9,77,79,76.3,73,94,84.1,66,7,2.8,0,9.86
6/9/2014,90,81.4,73,77,74.9,72,100,82,62,12,3.8,0,6.87
7/9/2014,90,82.7,79,81,76.3,73,94,82.1,66,10,3.9,0,14.51
8/9/2014,88,81.7,77,79,75,72,89,80.4,66,7,2.9,0,9.73
9/9/2014,81,77.9,75,77,75.3,73,100,92.4,83,10,2.9,0,1.81
11/9/2014,90,83.1,77,79,76.2,75,94,80.8,62,9,3.6,0,2.38
12/9/2014,84,81.2,75,79,76.9,75,100,87.1,79,14,4,0,5.95
13/9/2014,88,82,77,79,76.5,75,94,83.8,70,10,4,0,6.46
16/9/2014,90,83.6,77,79,75.2,73,89,77.3,59,9,3.8,0,11.71
19/9/2014,91,81.9,75,81,76.8,73,100,85.4,66,18,4.6,0,4.82
21/9/2014,86,82,79,77,75.8,75,89,82.3,74,13,3.6,0,17.64
23/9/2014,88,82.1,79,79,76.8,75,94,84.2,70,10,4.2,0,25.11
26/9/2014,90,82.5,77,79,76.2,73,94,82.2,59,12,4.5,0,14.8
28/9/2014,88,83.2,79,79,77.2,75,94,82.6,66,12,4.8,0,0.52
29/9/2014,90,82.7,77,79,76.9,75,94,83.4,66,9,4.8,0,0.02
5/1/2015,90,82.8,77,77,74.9,73,89,78.1,62,12,3.8,0,1.9
6/1/2015,88,81,75,79,75.5,73,94,84.2,70,9,4.5,0,0.15
7/1/2015,90,81,77,79,75.7,73,94,85,66,15,4.4,0,0.58
8/1/2015,88,79.3,75,79,75.3,73,100,88.5,74,10,4.1,0,0.01
11/1/2015,88,81.8,77,77,75,72,89,80.2,66,12,4.9,0,7.03
12/1/2015,90,83.2,77,77,75.4,73,94,78.7,59,12,4.5,0,15.3
13/1/2015,91,83.3,79,77,74.2,70,89,75,59,12,5.9,0,2.03
14/1/2015,90,82.9,77,77,72.7,70,94,71.7,52,10,6.2,2,0.97
16/1/2015,90,82.6,77,73,69.3,66,78,64.9,46,15,7.9,1,0.01
17/1/2015,90,82,75,70,67.2,64,83,61.9,43,14,7.6,3,0.01
18/1/2015,88,82,75,72,68.1,64,74,63.2,48,12,6.8,2,0.01
21/1/2015,90,82.7,77,75,72.1,70,89,70.8,55,12,5.5,0,0
22/1/2015,90,82.7,77,73,69.6,68,74,65,55,12,8,3,0.01
23/1/2015,90,81.8,75,73,69.6,66,79,67.1,52,12,6.9,1,0.01
25/1/2015,88,82.4,79,75,73.3,72,89,74.9,58,10,4.8,0,0
26/1/2015,90,84.3,79,77,73.1,70,84,70,55,12,6.6,0,0
28/1/2015,90,83.1,77,75,72,66,83,70,55,10,5.2,1,0
29/1/2015,91,83.1,77,77,71.5,68,94,68.6,46,12,7.2,1,0
30/1/2015,90,81.3,77,77,75.8,73,100,84.6,62,12,3.5,0,0
31/1/2015,91,83.4,79,77,73.8,68,89,74.2,46,12,6.6,1,4.76
1/2/2015,91,83.2,77,72,65.2,63,74,55.8,38,18,11,5,1.77
2/2/2015,90,82.3,77,72,67.1,64,74,60.6,49,12,7.3,1,3.26
3/2/2015,91,83.2,77,75,68.2,64,79,61.7,43,14,9.2,2,9.14
5/2/2015,88,82.3,77,77,73,70,89,74.2,58,12,6.2,0,0.45
7/2/2015,90,82.7,77,77,72.1,68,84,70.9,49,13,6,2,6.27
8/2/2015,91,83.8,79,77,71.1,68,84,65.9,52,12,7,0,2.22
9/2/2015,91,83.5,79,73,69.7,68,74,63.3,46,13,9.3,1,1.99
10/2/2015,93,83.7,77,70,64.4,59,69,53.1,36,17,9,1,1.1
12/2/2015,88,82.6,77,73,68.8,63,74,63.3,51,12,6.4,0,5.82
13/2/2015,91,83.5,77,75,70.7,68,79,65.8,46,12,6,1,0.78
15/2/2015,91,83.3,77,75,73.1,70,89,72.5,59,10,5.3,0,0.08
17/2/2015,91,84.5,79,77,76,75,89,76.5,59,13,5.2,0,0.04
18/2/2015,90,82.7,75,77,75.3,73,94,79.8,59,13,7.2,1,0.05
20/2/2015,90,83.6,79,77,75.8,70,94,78.7,52,14,5.4,0,0
21/2/2015,93,84.6,79,77,75,68,94,74.8,46,13,4.7,0,0.23
22/2/2015,91,85.1,79,77,74.6,72,89,72.1,52,12,5.2,0,0.1
24/2/2015,91,83.7,77,77,73.5,72,89,71.9,52,12,5.5,1,0.24
28/2/2015,91,84.8,79,77,74.8,73,83,73.1,55,13,6.3,0,0.37
4/3/2015,91,84.3,79,77,75.3,75,89,75.5,59,9,3.6,0,36.36
5/3/2015,90,84,79,79,76,75,89,77.7,62,13,4.3,0,13.34
6/3/2015,93,84.8,77,77,75,73,94,73.8,52,10,4.1,1,40.43
10/3/2015,90,82.4,75,79,75.1,73,94,79.7,62,15,6.6,1,3.19
11/3/2015,91,84.4,79,79,74.7,70,89,73.8,59,12,5.8,1,0.97
12/3/2015,91,84.5,79,79,74.4,70,89,72.5,55,8,4.7,0,0.06
15/3/2015,90,83.8,77,77,72.2,70,83,68.7,55,14,5.8,0,4.85
16/3/2015,91,84.5,77,77,73.8,72,89,71.7,55,14,5.2,1,4.58
17/3/2015,90,84.1,77,79,75.1,72,94,75.4,62,14,4.2,0,6.94
19/3/2015,93,85.6,79,79,76.8,73,89,75.9,55,12,5.2,1,14.62
20/3/2015,93,85.7,79,79,78,77,94,78,59,10,4.2,0,2.09
21/3/2015,86,82.3,77,77,76.1,73,100,82.2,66,9,4.1,0,0.02
25/3/2015,88,82.4,75,79,75.8,72,100,80.9,66,12,5.4,0,0
26/3/2015,90,84.2,79,79,75.1,70,89,74.8,58,12,6.2,0,2.84
29/3/2015,90,84,75,79,76,72,94,77.9,59,17,6,1,0
30/3/2015,90,81.7,75,77,76,73,100,84.3,62,14,5.3,1,0
31/3/2015,88,81.2,77,79,77,75,94,87.5,70,9,3.9,0,0.67
1/4/2015,90,82.3,77,79,76.9,75,100,84.7,66,13,4.5,0,0.06
2/4/2015,90,83,79,79,76.9,73,94,82.6,66,10,4.2,0,0
3/4/2015,91,85.2,81,81,78.3,77,94,80,63,10,3.6,0,0
4/4/2015,90,85.2,81,81,79.5,77,94,83.1,70,14,4.5,0,0
7/4/2015,93,86.2,81,79,77.5,73,94,75.8,55,12,4.5,0,0.17
12/4/2015,91,81.5,75,81,76.4,73,100,85.5,59,18,3.8,0,57.29
14/4/2015,90,81.7,77,79,76.6,75,100,85.8,66,13,4.3,0,2.06
15/4/2015,90,82.3,73,79,75.6,72,100,81.4,66,10,4.7,0,4.27
16/4/2015,91,83.9,73,79,76.9,73,100,80,62,14,4,0,3.13
22/4/2015,90,81.9,77,81,77.7,75,100,87.4,70,10,3.9,0,2.31
23/4/2015,86,81.5,79,79,77.3,73,100,87.3,70,13,4.5,0,0.79
24/4/2015,88,82.8,79,79,77.7,75,94,85,74,10,4.1,0,0.3
1/5/2015,88,82.1,77,81,77,75,94,84.8,70,8,3.8,0,13.75
3/5/2015,88,82.9,79,81,78.6,77,94,86.8,70,9,2.7,0,6.47
4/5/2015,90,83,75,79,76.2,72,100,80.8,66,8,4.2,0,5.22
6/5/2015,88,83.9,79,81,78.2,77,94,83.4,70,9,3.6,0,20.26
8/5/2015,90,83.7,79,82,78.5,77,94,84.7,70,13,5,1,0.03
9/5/2015,90,83.8,77,79,77.8,75,100,82.7,70,9,4.2,0,0
10/5/2015,90,83.7,81,81,79.1,77,94,86,70,14,3.6,0,0.01
11/5/2015,90,84.8,79,81,78,77,94,80.8,66,10,4.1,0,0
12/5/2015,84,81.3,77,79,77.3,75,100,87.9,74,7,3.5,0,0
13/5/2015,88,83.8,79,81,77.9,75,94,83,70,10,4.1,0,0
14/5/2015,88,82.9,81,81,78.3,75,94,85.8,74,13,5.2,0,0.03
16/5/2015,88,83.8,81,81,78.8,77,94,84.7,74,14,5,0,0.77
18/5/2015,90,84.7,79,79,78.1,75,94,81.3,66,13,3.7,0,33.99
19/5/2015,90,85.2,81,81,79.3,77,94,82.5,70,13,5.1,0,34.38
23/5/2015,90,81.8,77,79,76.1,73,94,83.3,66,16,4,0,0
24/5/2015,90,84.8,79,79,77.2,73,89,79,59,9,3.7,0,0
26/5/2015,86,82.9,79,79,77.3,75,94,83,70,12,3.9,0,3.62
29/5/2015,90,85.2,81,79,77.8,75,94,79,62,12,4.6,0,1.17
30/5/2015,91,84.3,77,81,78.4,75,100,82.7,66,12,4.3,0,68.01
7/6/2015,90,83.4,77,81,78.2,77,100,84.9,66,12,4.3,0,17.66
8/6/2015,88,82.6,77,79,77.5,77,100,85.2,70,10,3.3,0,1.43
9/6/2015,90,82.4,77,79,76.9,75,100,84.3,66,8,4,0,0.91
10/6/2015,90,83.8,79,79,77.6,75,94,82.2,66,9,3.1,0,2.92
11/6/2015,88,83.3,79,79,78.2,75,94,85,70,9,3.7,0,0.07
12/6/2015,86,80.8,77,79,76.9,75,100,88.4,74,18,4.2,0,0.01
13/6/2015,90,82.3,75,79,76.6,73,100,83.9,66,13,3.5,0,0.47
16/6/2015,88,82,77,79,77.3,77,100,86.2,70,7,2.6,0,0
18/6/2015,90,84.3,79,79,76.4,73,94,78.4,59,9,3.6,0,0.06
19/6/2015,90,85.3,82,81,79.5,77,94,82.3,70,16,6.4,0,8.79
20/6/2015,86,82.5,72,81,78.1,70,94,86,74,17,3,0,4.31
22/6/2015,90,85.2,81,81,78.5,77,94,80.9,66,12,4.7,0,22.38
24/6/2015,90,84.2,79,79,78.2,77,94,82.8,70,12,4,0,2.47
25/6/2015,90,84.7,79,81,78.5,77,94,82.1,66,12,4.3,0,15.38
26/6/2015,90,85.1,79,81,78.8,77,94,82,66,13,4.3,0,10.27
27/6/2015,91,85.5,81,81,79.2,77,94,81.8,66,14,6,0,10.6
29/6/2015,91,84.9,79,81,77.2,75,94,78.5,62,13,4.1,0,2.09
6/7/2015,90,84.9,79,79,77,73,94,78,62,13,4.7,0,0.37
9/7/2015,90,83.1,79,79,77.7,75,100,84,66,8,2.7,0,4.6
10/7/2015,86,80.9,75,79,77.4,75,100,89.5,79,12,3.2,0,1.95
11/7/2015,91,84.2,77,79,76.2,72,100,78.3,52,9,2.9,0,0.18
13/7/2015,90,83.3,79,79,77,75,94,82.2,66,9,3.5,0,8.99
16/7/2015,90,84.2,79,79,77.8,77,94,82,66,12,4,0,1.25
17/7/2015,90,84.3,81,81,78.5,77,94,82.7,66,12,4.4,0,4.97
18/7/2015,90,84.9,81,81,78.9,77,94,82,66,13,6.3,0,7.01
19/7/2015,88,82.5,77,81,77.4,75,94,84.4,70,12,4.2,0,0.84
20/7/2015,90,84.7,79,79,77.1,73,89,78.2,66,15,6.1,0,0.99
23/7/2015,90,83.9,81,79,77.6,75,94,81.7,66,10,3.5,0,0.56
24/7/2015,88,82.4,77,79,76.3,73,94,82.8,66,14,3.4,0,3.92
25/7/2015,88,81.6,75,79,75.8,73,94,83.4,66,14,3.4,0,14.99
26/7/2015,84,80.1,73,77,75,73,100,85.6,74,17,4.4,0,3.1
27/7/2015,88,82.7,79,77,75.6,75,89,80.1,66,9,3.1,0,0.53
28/7/2015,88,83.3,79,79,75.9,73,89,79.4,66,12,4.5,0,0.14
29/7/2015,90,83.4,79,79,76.3,73,89,80.1,66,14,4.8,0,0.1
31/7/2015,88,81.2,75,77,75.8,73,100,84.3,66,9,3.1,0,0
1/8/2015,86,81.8,77,79,76,73,94,83.4,66,13,3.6,0,0.01
2/8/2015,86,80.3,77,79,76.1,72,94,87.6,74,10,1.6,0,0.3
3/8/2015,84,78.2,75,77,75.3,73,100,91.3,74,8,2.5,0,0.02
5/8/2015,88,80.7,75,79,75.7,72,100,85.5,74,8,3.8,0,0.22
8/8/2015,88,80.2,73,81,75.5,73,100,86.8,62,20,4.9,0,0.04
9/8/2015,88,81.4,75,77,75,73,100,81.9,66,10,2.4,0,0.16
12/8/2015,88,81.4,77,77,74.9,72,94,81.9,66,9,3.7,0,0.01
13/8/2015,90,83.7,77,79,75.1,72,89,76.4,62,10,4.1,0,0.45
15/8/2015,88,82.5,77,77,75.9,73,100,81.5,62,10,3.5,0,0.67
16/8/2015,90,81.3,75,79,76.3,73,100,86.1,66,12,3.8,0,2.44
17/8/2015,88,82.4,77,79,76.9,75,100,83.9,70,12,5.3,0,3.75
18/8/2015,88,82.8,79,79,77,75,94,83.2,70,14,5.2,0,4.02
19/8/2015,88,83.1,79,79,77,72,94,82.4,70,9,3.4,0,1.84
22/8/2015,90,82.9,77,79,76.2,73,94,81,62,9,3.5,0,29.1
23/8/2015,90,83.5,79,79,76.9,75,94,81.4,66,10,3,0,21.28
26/8/2015,90,83.8,79,79,77,73,94,80.5,66,14,5.3,0,25.64
27/8/2015,90,83.3,79,79,75.3,73,89,77.5,66,7,2.9,0,8.87
28/8/2015,91,85,81,79,77.1,75,94,77.8,59,13,4.1,0,24.09
29/8/2015,90,84,79,79,76.4,73,94,79.1,59,13,4.8,0,7.93
30/8/2015,84,79.6,77,79,76,75,100,89.5,79,10,4.5,0,1.07
31/8/2015,88,82.3,75,77,76.5,73,94,83.4,66,8,3.1,0,3.17
10/9/2015,86,79.3,75,75,74.3,73,100,86.3,66,7,2.3,0,0
12/9/2015,88,81,75,79,75.8,73,100,84.8,70,10,4.2,0,0.31
19/9/2015,90,82.1,75,79,75.6,72,94,81.8,66,14,3.5,0,8.53
27/9/2015,88,80.3,75,75,72.9,72,94,79.1,62,12,2.5,0,5.47
29/9/2015,88,81.1,77,77,72.8,72,89,76.9,58,12,2.8,0,1.79
30/9/2015,86,81.2,77,77,74.7,73,94,81.8,70,9,3.2,0,2.42
6/1/2016,90,83,77,77,74.8,72,89,77.8,62,12,5,0,0.1
8/1/2016,91,82.6,75,73,71.8,68,89,70.9,52,13,5.2,0,0.1
11/1/2016,90,82.8,77,77,74.2,72,94,76.3,62,12,4.9,0,0.01
15/1/2016,88,81.5,75,77,75.1,73,100,82.1,66,14,4.8,0,1.74
16/1/2016,88,81,75,77,74.8,73,100,82.7,62,10,4.3,0,0.72
17/1/2016,86,80.2,77,75,73.3,72,89,80.5,66,9,3.4,0,1.23
20/1/2016,88,83.5,79,77,75.1,73,89,77,62,13,4.9,0,4.91
21/1/2016,93,84.1,77,77,74.1,70,89,72.8,52,12,4.8,0,0.23
22/1/2016,90,82.7,79,77,74.9,72,89,78.2,62,12,3.4,0,5.62
23/1/2016,91,83.9,77,75,71.9,68,84,68,52,10,5.7,0,22.85
26/1/2016,90,82.4,77,75,71.8,70,83,70.5,58,12,6.4,2,6.98
27/1/2016,90,83.5,79,75,73.3,70,84,71.8,62,12,6.9,2,3.81
29/1/2016,91,82.5,77,79,74.9,73,89,79,66,10,4.8,0,18.93
9/2/2016,88,80.2,77,77,72.7,70,94,78.2,66,12,7.3,0,9.02
10/2/2016,90,81.6,77,77,74.8,70,94,79.7,66,10,5.2,0,55.29
11/2/2016,88,82.2,79,79,76.5,73,94,83.7,70,13,5.4,0,4.69
13/2/2016,90,82.3,77,84,78.2,75,94,88.1,79,12,5.2,0,2.81
15/2/2016,88,81.6,77,77,74.5,72,89,80,66,13,4.9,0,12.71
16/2/2016,91,83.7,77,73,71.9,66,83,68.5,49,12,5.1,0,0.85
18/2/2016,90,82,75,75,70,66,89,68,46,12,4.7,0,0.69
20/2/2016,90,82.8,77,75,72.3,68,83,71.1,55,13,6.7,1,6.73
22/2/2016,91,82.3,73,73,66.3,61,89,59.8,41,12,5.7,0,0
26/2/2016,93,83.3,77,72,66.1,63,74,57.2,38,13,8.3,0,8.32
29/2/2016,93,84,77,73,69.4,66,79,62,41,16,7.6,0,15.28
1/3/2016,90,82.5,77,73,69.7,66,83,66,49,12,6.2,0,0.48
2/3/2016,91,83.7,77,75,69.3,66,89,62.7,46,14,6.9,0,0.89
3/3/2016,91,83.4,77,75,70.6,66,84,66.3,49,13,6.7,0,0.84
5/3/2016,93,84.6,79,75,72.3,68,84,67.7,46,13,5.7,0,12.95
6/3/2016,90,84.3,79,77,75.7,73,89,75.9,62,14,4.5,0,25.56
8/3/2016,90,83.9,79,77,76.4,75,94,79.3,62,13,4.5,0,0.36
9/3/2016,90,83.8,79,77,76.7,75,94,80.2,66,12,3.9,0,22.34
11/3/2016,91,84.8,79,79,75.4,73,89,74.7,55,12,3.5,0,13.56
12/3/2016,90,83.9,77,79,75.2,72,89,75.7,62,14,6.4,1,4.61
15/3/2016,91,85.1,81,81,77.2,75,89,77.5,66,12,4.7,0,22.49
16/3/2016,91,84.4,77,81,78,75,94,81.3,70,10,4,0,5.21
17/3/2016,91,84.7,79,81,77.5,75,89,79.1,66,14,5.2,1,6.91
19/3/2016,93,85.3,79,79,76.1,73,89,74.8,56,13,4.8,0,7.77
20/3/2016,93,85.6,79,77,73.5,70,79,67.7,49,12,5.4,1,1.3
21/3/2016,93,85.1,79,79,75.4,73,84,73.7,55,12,5,0,1.78
22/3/2016,90,84.5,79,79,76.4,73,84,77.1,66,10,4.4,0,0.01
23/3/2016,91,84.5,79,79,77.3,75,94,79.1,66,10,4,0,0.02
24/3/2016,91,85,81,81,77.7,75,89,78.7,66,9,3.6,0,0
25/3/2016,91,85.3,81,81,78.5,75,89,79.8,70,12,4.4,0,0.06
26/3/2016,91,84,81,79,76,70,89,77.5,62,13,6.2,0,0.04
28/3/2016,93,84.2,77,77,73,70,89,70.1,49,13,5.4,0,0
29/3/2016,91,84.1,79,77,72.1,68,89,67.7,52,14,7.1,0,0
30/3/2016,91,84.1,79,75,72.9,70,89,70.4,52,13,5.6,0,0.02
31/3/2016,93,85,79,75,72.6,68,89,67.6,46,13,5,0,0
1/4/2016,91,84.5,79,77,74.2,72,84,72.2,55,13,4.6,0,0
5/4/2016,91,84.8,79,79,75.4,73,89,74.7,55,13,4,0,2.92
7/4/2016,91,84.5,79,77,75.3,73,89,75.4,55,10,3.9,0,0.2
9/4/2016,91,85.5,79,77,74.5,72,89,71.1,52,13,4.2,0,0.25
11/4/2016,91,84.9,79,79,77,75,94,77.7,62,12,3.9,0,0.04
12/4/2016,91,85.1,81,77,75.1,73,84,73,55,8,3.6,0,1.43
18/4/2016,91,84.2,77,77,75.5,73,94,76.7,55,12,4.6,0,0.03
19/4/2016,93,85.8,81,79,76.3,73,89,74.2,52,13,6.1,1,1.17
21/4/2016,90,83.7,77,77,74.1,72,94,74.9,55,13,5.3,0,2.15
24/4/2016,88,83.5,81,77,76.6,75,89,80.3,66,12,4.3,0,38.82
26/4/2016,90,83.7,77,79,76.6,75,100,79.9,62,13,5,0,4.03
27/4/2016,91,83.9,77,79,76,73,94,78.3,59,13,4.3,0,107.06
29/4/2016,91,83.4,77,79,76.3,73,94,80.3,59,12,3.6,0,0.01
30/4/2016,88,82.5,79,79,76.4,75,94,82.1,70,10,2.9,0,0.01
1/5/2016,90,84.1,77,79,76.5,73,100,79,62,12,2.7,0,0.01
3/5/2016,88,82.8,75,79,76.5,73,100,81.8,70,12,4,0,0.01
6/5/2016,90,83,77,79,75.6,73,94,79.3,66,9,4.1,0,0
10/5/2016,91,84.1,77,79,75.3,73,94,76.4,59,10,4,0,0
16/5/2016,86,80.6,75,77,75.9,72,94,86.2,70,15,4.1,0,9.51
17/5/2016,90,83.6,79,79,77.1,75,94,81.3,66,10,3.7,0,5.58
18/5/2016,88,82.2,77,77,75.1,73,94,80.3,62,10,5,0,1.13
19/5/2016,90,83.4,79,77,76.2,75,94,79.7,66,10,3.8,0,24.54
20/5/2016,88,82,79,79,75.4,73,94,81,70,13,3.1,0,16.46
22/5/2016,88,80.2,77,77,74.1,72,94,83.3,62,12,2.8,0,0
23/5/2016,90,81.1,0,75,72.3,0,94,74.5,0,10,3.2,0,0
25/5/2016,90,83.5,79,79,75.1,73,84,76.5,62,10,4.2,0,0.01
27/5/2016,88,82.5,79,79,76.1,73,94,81.6,70,12,3,0,0.01
30/5/2016,90,80.3,73,75,73.7,73,100,82.3,59,10,4.7,1,0
1/6/2016,90,83.5,79,77,74,72,84,73.7,62,8,2.9,0,0
2/6/2016,88,83,77,77,75.1,73,94,78.2,62,10,3.4,0,0
3/6/2016,90,80.1,72,75,71.4,68,100,75.8,52,22,4,0,0.03
4/6/2016,88,82,77,75,72.8,72,89,75.1,58,8,3,0,0
5/6/2016,88,82.7,77,79,75.3,73,94,79.5,66,12,3.5,0,0.07
12/6/2016,88,82.4,79,77,74.8,72,89,78.3,58,12,4.1,0,0
13/6/2016,91,83.3,77,77,74.5,72,89,75.7,58,8,3.3,0,0.07
14/6/2016,91,85,81,79,76.2,73,89,75.3,59,10,3.4,0,2.68
16/6/2016,91,84.3,77,79,76,73,94,76.8,59,13,5.6,0,2.61
17/6/2016,81,77.5,73,77,73.6,72,100,88.8,79,13,3.8,0,0.21
18/6/2016,91,81.3,73,75,72.7,70,94,76.4,52,12,4.3,0,4.6
19/6/2016,91,82.8,77,79,75.3,72,89,79.2,62,8,2.8,0,0.75
21/6/2016,90,82.2,75,77,74,72,89,76.9,62,10,3.8,0,0.48
23/6/2016,93,86,77,79,75,70,84,70.5,49,10,5.5,0,0.02
6/7/2016,88,82.5,79,79,76.4,73,89,81.9,70,13,3.3,0,0.74
8/7/2016,91,84.3,79,79,75.1,73,89,75.1,55,9,4,0,5.28
10/7/2016,91,85.3,81,81,78.5,77,94,80.3,66,12,3.1,0,13.23
11/7/2016,91,85.6,81,79,76.5,72,89,75.2,52,10,2.9,0,0.94
14/7/2016,91,83.7,77,81,75.8,72,94,78.7,59,16,3.5,0,0.09
16/7/2016,91,81.6,77,79,75.8,73,94,83.9,55,9,4.2,0,8.82
18/7/2016,82,78.4,75,79,75.7,73,100,92.3,83,20,4.3,0,3.07
24/7/2016,88,81.6,77,79,76.4,75,100,84.9,70,9,4,1,19.02
25/7/2016,88,82.1,75,77,75.1,73,100,80.8,62,14,5,0,12.34
28/7/2016,91,82.6,77,79,76.6,73,94,83.4,59,10,3.1,0,1.07
1/8/2016,90,84.3,79,77,74.8,72,94,74.5,59,8,3.6,0,2.04
3/8/2016,90,83.8,77,77,73.5,70,94,72.9,52,9,3.1,0,0.06
7/8/2016,90,83.2,79,79,75.9,73,89,79.7,62,8,2.6,0,0.22
8/8/2016,91,85,79,81,77.3,75,94,78.6,59,8,3.5,0,0.12
10/8/2016,88,83.9,79,81,77.8,75,94,81.6,70,9,3.9,0,0.02
11/8/2016,91,82.4,79,79,76.4,72,94,83.5,62,10,3.2,0,1.38
13/8/2016,90,82.5,77,79,75.8,72,94,81.4,55,7,3,0,20.99
16/8/2016,93,84.1,77,81,77.4,73,100,81.1,56,12,3,0,30.67
17/8/2016,91,84.7,79,79,76.4,73,94,77.5,59,9,3.2,0,2.84
18/8/2016,90,84.5,79,81,77.2,72,89,79.4,66,14,3.4,0,0
19/8/2016,91,84.6,79,79,77.5,75,94,80.1,59,7,2.7,0,0
21/8/2016,91,85.1,81,79,77.3,75,94,78.2,63,9,4.5,0,1.69
23/8/2016,90,83.6,79,81,77.8,75,100,83.4,66,8,3.1,0,0.18
24/8/2016,86,81.1,77,79,76.8,75,100,87.1,74,12,4.8,0,3.12
25/8/2016,88,79.7,75,77,75.1,73,94,86.9,66,14,5.2,1,1.31
28/8/2016,88,80.8,77,79,76.1,75,94,86.5,70,9,3.9,0,5.2
30/8/2016,90,83.7,79,79,76.8,75,89,80.2,66,10,5.2,0,1.54
31/8/2016,88,82.2,77,79,76.8,75,100,84.5,70,15,5.3,0,0.24
5/9/2016,88,80.1,75,79,74.8,72,100,84.8,62,8,4.2,0,2.43
6/9/2016,86,79.2,73,79,75.3,73,100,88.9,66,14,4,0,0.29
10/9/2016,90,84,79,77,74.8,73,94,75.8,59,9,3.3,0,3.96
11/9/2016,90,83.6,77,77,74.3,70,94,75,58,8,3.6,0,0.23
12/9/2016,90,83.9,79,77,75.1,73,89,76.1,59,9,3.8,0,0.54
14/9/2016,88,84,81,79,76.6,73,89,78.8,70,7,2.7,0,0.88
15/9/2016,91,83.9,79,81,76.5,73,100,79.5,55,9,3.3,0,3.13
16/9/2016,90,82.6,75,79,75,70,100,79.3,52,10,4.5,1,8.88
22/9/2016,86,80.3,75,77,74.7,72,100,84.2,66,9,4.5,1,22.48
24/9/2016,90,83,77,77,75.5,73,94,79.4,59,8,3.7,0,17.09
25/9/2016,91,83.8,79,79,76,73,94,78.6,62,9,3.3,0,10.82
26/9/2016,90,83.3,77,79,75.8,73,100,79.5,62,8,3.3,0,0.07
27/9/2016,90,84.8,82,79,76,75,89,74.9,62,9,5.2,1,1.77
28/9/2016,88,81.8,75,79,76.4,73,100,83.8,70,9,4.8,1,1.53
29/9/2016,86,79.8,72,79,75.4,70,100,87,74,17,4.5,0,0.47
30/9/2016,90,83.8,79,79,75.9,72,94,78.5,58,8,4,1,24.36
4/1/2017,90,82,75,79,75.9,73,100,83.1,59,8,3.2,1,0.32
5/1/2017,91,83.9,79,81,76.4,73,94,79.1,59,10,4.6,1,0.09
6/1/2017,90,84.9,81,79,76,73,84,75.3,62,14,7.3,1,0
8/1/2017,84,79.7,75,79,75,72,100,86.3,74,13,4.2,0,0.72
10/1/2017,90,82.8,77,79,75.7,72,94,80.8,55,8,3.5,0,0.98
11/1/2017,91,82.2,77,79,75.8,73,94,82.2,59,9,3.6,0,1.41
12/1/2017,90,82.7,75,77,74,70,94,77.2,55,10,4,0,0.22
13/1/2017,90,83.5,79,77,74.2,70,94,75.2,55,13,4.5,0,2.39
14/1/2017,90,82.8,77,79,76.5,72,100,82.1,66,10,3.5,0,1.84
15/1/2017,91,82.7,77,81,75.9,68,100,81,52,9,3.4,0,1.97
17/1/2017,88,82.1,77,79,75.7,73,94,82.4,62,10,4.1,1,2.05
19/1/2017,88,79.7,75,79,75.6,73,100,88.3,70,9,3.4,0,0
21/1/2017,86,80.4,77,77,74,72,94,81.8,70,12,5.8,0,1.9
22/1/2017,90,81.4,75,79,73.8,72,89,78.2,62,9,4.4,2,0.01
23/1/2017,84,78.4,75,75,74,73,94,87.7,70,7,2.8,0,0.01
25/1/2017,86,78.3,75,75,73.5,72,100,86.3,70,12,5.6,0,0.16
26/1/2017,86,79,75,79,74.8,73,100,87.6,74,10,3.7,0,0.01
28/1/2017,88,81.7,73,73,69.5,68,83,67.2,52,13,7.7,3,6.33
30/1/2017,90,82.6,77,75,70.9,68,89,68.3,52,12,5.9,0,0.89
1/2/2017,88,80.1,75,77,73.9,73,94,82.5,66,12,3.9,1,3.77
4/2/2017,90,82.6,77,79,76.1,73,94,81.2,66,9,3.3,1,0.23
5/2/2017,91,83.5,77,77,75.3,73,94,77.4,59,12,5,0,1.74
6/2/2017,91,83.1,77,79,75.3,73,94,78.4,55,10,5.2,1,2.39
8/2/2017,91,83.5,77,77,73.3,66,94,73.4,43,9,4.6,0,0.65
11/2/2017,90,81.7,77,77,72.9,70,89,75.4,55,10,5.7,2,0
16/2/2017,91,83,77,75,69.9,68,84,65,49,13,7.9,2,3.24
18/2/2017,90,83.2,79,75,72.1,70,84,70.2,52,12,6.4,0,3.86
19/2/2017,91,83.7,79,77,73.2,72,89,71.3,55,13,6.3,1,0.35
20/2/2017,91,84.4,77,77,74.5,70,89,73,59,10,4.6,1,0.17
22/2/2017,88,82.4,77,79,77,75,100,84.1,66,9,3.9,0,3.28
23/2/2017,88,80.7,77,79,77.2,75,100,89.6,70,10,3.9,0,6.12
24/2/2017,88,81.2,75,79,75.7,73,100,84.3,66,12,5,0,3.63
25/2/2017,90,82.1,77,79,75.5,73,94,81.7,62,12,4.2,0,0.74
26/2/2017,90,81.7,77,77,74.6,72,94,80.1,62,13,6,0,0.67
27/2/2017,88,81.4,77,77,74.3,73,94,80.7,62,14,5.5,0,2.72
28/2/2017,90,82,75,77,72.6,70,100,74,52,10,4.7,0,0.12
1/3/2017,88,80.7,75,77,74.6,72,100,82.7,66,12,3.9,1,2.15
3/3/2017,90,82.5,77,77,73.8,70,94,75.4,55,12,6.3,1,28.82
4/3/2017,90,82.6,77,77,75.3,73,94,79.8,62,13,5.2,0,16.68
5/3/2017,82,79.7,75,77,75.8,73,100,89,83,13,2.9,0,0.66
6/3/2017,90,81.9,75,77,75.4,73,100,82.1,62,7,2.6,0,0.04
7/3/2017,90,82.9,77,79,76.1,75,94,81,62,7,2.6,0,0.02
9/3/2017,91,83.9,79,79,75.2,70,94,75.7,62,12,5.2,1,0
15/3/2017,90,84.1,77,79,76.7,75,94,79.3,62,10,3.6,0,0
16/3/2017,88,82.7,79,79,76.7,73,94,82.3,74,12,3.4,1,0.01
17/3/2017,90,83.6,77,79,75.9,73,94,78.6,62,9,4,0,0.27
19/3/2017,88,81.8,77,79,75.6,73,94,82.7,66,13,5,1,0.06
21/3/2017,90,83.2,77,77,74.8,73,94,77.5,59,9,4.1,0,0
22/3/2017,91,84.6,79,79,76.2,75,89,76.7,59,9,3.8,0,0
23/3/2017,90,83.2,77,81,77.4,75,100,83.1,70,12,4.7,0,0
24/3/2017,86,81.2,77,79,76.9,75,94,87.4,79,9,2.9,0,0
26/3/2017,90,83.3,79,81,77.4,75,94,83,70,12,4.8,0,0.01
27/3/2017,88,81.2,77,79,76,75,94,85.5,70,13,4.2,0,0
28/3/2017,90,80.8,77,79,75.5,73,94,84.8,66,15,5.2,0,0
29/3/2017,86,80.1,75,77,75,73,100,85.5,70,15,6.1,0,0
30/3/2017,90,81.6,75,79,75.5,73,100,82.8,62,9,4.3,0,0
31/3/2017,88,81.8,77,79,76.6,75,94,84.6,70,9,3,0,0.03
1/4/2017,90,81.3,75,79,76.5,73,100,86.2,59,10,3.9,1,0
3/4/2017,88,81.4,77,79,73.8,70,94,78.7,66,12,5.7,0,0
7/4/2017,86,80.7,77,79,76.2,73,100,86.9,70,9,3.1,0,0
10/4/2017,88,81.3,77,79,77.1,75,94,87.7,70,10,3.3,0,0
17/4/2017,91,85.8,79,81,77.6,75,94,76.8,63,10,5.3,2,4.44
20/4/2017,91,83.3,77,79,76.6,72,100,81.2,59,12,3.7,0,42.18
21/4/2017,88,81.7,77,79,76.3,75,100,84.2,70,8,2.8,0,50.37
27/4/2017,90,82.5,75,81,76.8,75,100,83.7,62,13,3.6,0,0.02
30/4/2017,91,83.7,79,81,77.6,75,94,82.7,70,14,4.3,0,6.26
1/5/2017,88,82.3,77,81,78,75,100,87,74,13,3.8,0,0.13
3/5/2017,90,83.5,77,81,77.8,75,100,83.4,66,12,4.3,0,0.14
5/5/2017,90,83.9,81,81,78.3,75,94,83.5,70,13,4.1,0,1.18
7/5/2017,90,82.6,77,79,76.9,75,100,83.5,66,8,3.6,1,0
8/5/2017,88,83.5,77,81,76.8,75,94,80.4,70,14,4.1,0,0.01
9/5/2017,88,82.6,77,79,77.9,75,100,86,70,12,4.2,0,1.13
10/5/2017,86,81.2,75,79,77.8,75,100,89.4,70,8,2.6,0,0
11/5/2017,90,82.5,75,79,77.2,75,100,84.7,62,12,3.8,0,0
13/5/2017,88,82.9,79,79,77.2,75,94,83.4,70,58,4,0,8.07
14/5/2017,93,84.8,79,81,78,75,94,80.8,56,10,4,0,0.14
15/5/2017,90,83.1,79,81,78.2,75,94,85.1,70,14,5.2,0,0
17/5/2017,91,86.4,82,81,78.6,77,89,77.3,66,17,7.3,0,0.01
19/5/2017,91,85.4,81,81,78.5,75,94,79.3,66,16,7.3,0,0
20/5/2017,90,83.7,79,82,78.8,77,94,85.3,70,12,5.7,0,0
21/5/2017,90,84.6,79,81,79.3,77,100,83.8,70,10,4.1,0,0
22/5/2017,86,81.5,79,81,78,75,94,89.5,79,9,4.3,0,0
24/5/2017,91,85.4,81,81,78.3,75,94,79.6,62,10,3.6,0,0.34
25/5/2017,90,84.8,81,81,79.1,77,94,82.5,70,10,4.4,0,0.56
26/5/2017,90,85.2,82,81,79.6,79,94,82.6,75,12,4.9,0,0
27/5/2017,90,83.5,75,81,77,73,100,81.6,59,14,5.1,1,0.64
28/5/2017,91,85.5,82,81,79.3,79,94,81.3,66,9,3.8,0,0.01
29/5/2017,91,85.4,79,82,80.4,77,100,84.7,66,10,3.8,0,0
1/6/2017,88,82.4,75,79,75.4,72,94,80.5,66,10,3.4,0,0
3/6/2017,91,85.7,81,81,78.5,77,94,79.3,63,12,4.7,0,0
7/6/2017,93,85.5,81,81,78.2,75,89,78.7,59,12,3.4,0,0.14
10/6/2017,90,85.5,82,81,77.7,73,94,77.4,66,16,6.4,0,2.03
11/6/2017,91,85.8,81,79,75.9,73,89,73.1,59,10,4.5,0,0
13/6/2017,91,85.9,82,79,77.8,73,89,76.8,59,12,4.3,0,0.16
15/6/2017,91,84.4,79,79,75.3,73,89,75.2,55,10,4.2,1,0.2
16/6/2017,93,85.2,79,79,75.8,75,89,74.7,56,10,4.2,1,0.04
19/6/2017,91,83.1,75,77,73.9,72,94,75.8,52,9,2.4,0,0
21/6/2017,90,83.3,79,81,77.3,73,94,82.5,70,10,3.5,0,17.68
23/6/2017,88,81.3,77,77,74.7,73,94,81.6,62,7,3.4,1,7.07
27/6/2017,90,83.6,79,81,78,75,94,83.8,74,10,3.8,0,0.01
1/7/2017,90,83,77,81,76.7,73,100,82.2,62,10,3.8,0,0.01
3/7/2017,90,82.7,79,81,76.5,73,94,82.3,66,8,2.7,0,0
4/7/2017,90,82.8,79,81,77.7,75,94,85.2,70,12,3.8,0,0.12
9/7/2017,91,83.7,77,77,75,73,94,76.6,55,12,3.9,0,0.5
11/7/2017,88,81.6,79,79,76.8,75,94,86.5,66,15,3.1,0,0.1
12/7/2017,88,81,77,81,76.9,75,100,88,74,9,2.8,0,4.43
17/7/2017,90,84.4,79,79,76.7,72,89,78.4,66,14,5.3,0,0.08
20/7/2017,88,83.5,79,81,78,73,94,83.2,70,9,3.3,0,2.21
22/7/2017,90,84.8,81,79,77.9,77,94,80.1,66,15,5.2,0,0.61
24/7/2017,91,85,79,79,77,73,94,78.2,59,14,4.4,0,35.2
26/7/2017,91,84.8,79,79,77.4,75,94,79.4,62,13,4.9,0,0.01
27/7/2017,91,84.6,81,79,76.3,73,89,76.5,62,14,5.6,0,0.01
28/7/2017,90,83.8,79,79,76.1,73,94,78.3,62,9,2.5,0,0.05
29/7/2017,91,84.6,79,79,76.4,75,94,77.3,62,12,4.1,0,0.18
31/7/2017,90,83.7,79,81,77.7,75,94,82.7,70,13,4.7,0,0.54
1/8/2017,90,83.1,79,79,77.3,75,94,83.1,66,10,3.7,0,0.05
4/8/2017,90,84.4,79,79,76.6,70,89,77.3,66,15,7.2,0,0
7/8/2017,90,83.3,77,79,76.5,75,94,81.2,62,12,4.9,0,2.72
8/8/2017,88,81.9,77,81,76.1,73,100,83.5,66,12,5.8,0,7.05
12/8/2017,84,77.9,75,77,75,73,100,91.3,79,20,4.2,0,2.95
13/8/2017,88,80.9,75,77,75.3,73,100,84.2,62,12,3.9,0,0.35
17/8/2017,91,84,79,79,74.6,70,94,74.4,49,9,3.1,0,0
18/8/2017,91,83.6,77,77,75.4,72,94,77.6,52,10,3,0,0
24/8/2017,91,84.8,79,81,78.2,77,94,80.6,66,16,6.1,0,2.11
26/8/2017,88,80.6,75,79,76.8,72,100,88.6,74,18,3.3,0,20.48
27/8/2017,88,80.8,75,79,75.1,72,94,83.3,70,12,4.8,0,21.97
28/8/2017,84,80.3,75,77,75.4,72,100,85.8,74,12,3.9,0,40.33
29/8/2017,90,82.1,75,77,74.4,72,94,78.8,62,9,3.3,0,46.88
31/8/2017,91,84,77,79,75.8,75,94,77.7,59,12,3.5,0,2.96
4/9/2017,88,81.5,77,79,76.2,75,100,84.7,66,12,4,0,27.46
5/9/2017,90,83.7,77,81,77.2,73,94,81.9,66,14,4.3,0,22.46
7/9/2017,91,84.7,81,79,77,73,89,78.5,62,14,6.2,0,1.64
8/9/2017,91,83.9,79,81,76.6,75,94,79.9,59,13,5.9,1,6.19
11/9/2017,88,80.8,73,77,74.6,72,100,82,66,16,4.6,0,14.13
13/9/2017,90,83.4,79,79,76,72,94,79.1,58,9,3.5,0,51.19
14/9/2017,86,80.3,75,79,76,73,100,88.1,70,9,2.7,0,44.08
19/9/2017,86,81.3,77,79,75.5,73,100,83.4,70,10,4.3,0,1.7
21/9/2017,79,76.2,73,75,73.9,70,100,93.3,88,9,3.1,0,0.92
23/9/2017,90,82.4,75,79,75.6,72,94,81.3,55,10,2.6,0,0.06
26/9/2017,90,83.8,79,79,76.3,73,94,78.8,59,7,3.1,0,2.09
29/9/2017,86,78.8,75,77,74.5,72,100,87.4,74,12,4.3,0,30.55
1/1/2018,84,80.7,79,73,71.5,70,83,73.6,66,12,7.7,5,1.18
5/1/2018,79,75.8,72,75,72.7,70,100,90,78,10,2.1,0,0
6/1/2018,88,80.2,73,77,73.2,70,94,80.2,62,10,3.6,0,0.3
8/1/2018,88,81.3,77,77,74.2,72,94,80,66,12,4.8,0,1.54
10/1/2018,90,79.7,75,77,74.1,73,94,84.7,62,10,4.3,0,2.4
11/1/2018,84,77.2,75,77,73.9,72,100,90.3,74,8,2.6,0,0
13/1/2018,82,78.2,75,73,71.5,70,94,79.5,66,9,3.5,0,0
15/1/2018,88,79.6,72,73,68,61,83,67.4,55,12,6.8,2,0.01
16/1/2018,91,81.6,75,73,70.8,66,83,70.5,43,9,3.8,0,0.02
28/1/2018,90,81.5,75,77,74.7,72,94,81.2,62,10,3.9,0,0
1/2/2018,91,83,77,77,74.4,72,94,76.4,59,12,4.3,0,0
5/2/2018,90,83.5,77,75,68.6,64,84,61.9,43,13,7,0,0
6/2/2018,90,82.9,77,73,65.2,63,79,56.4,43,17,8.3,0,0
9/2/2018,90,82.7,75,75,68.7,64,74,63,55,10,5.9,0,0
10/2/2018,91,83.1,75,70,66.3,59,83,58.8,38,10,5.6,0,0
13/2/2018,91,83.5,73,73,67.4,63,78,59.3,38,13,5.3,1,0
14/2/2018,91,84.9,81,75,71.3,68,79,64.4,49,12,6,0,0.37
15/2/2018,91,83.7,77,77,72.7,66,89,71,46,9,3.9,0,6.86
19/2/2018,95,85.3,79,77,74.3,70,89,70.8,46,13,6.2,2,0
21/2/2018,91,83.9,77,77,74.8,72,94,75.5,52,12,5.7,1,6.15
22/2/2018,91,83.8,79,79,76.9,75,94,79.9,66,14,4.6,0,0.63
28/2/2018,91,84.3,79,79,75.1,72,84,74.5,59,12,5.4,1,0.03
1/3/2018,91,84.9,77,79,75.9,73,89,75.6,62,10,5,0,0.01
3/3/2018,90,83.5,81,79,76.1,72,89,79.2,62,10,3.9,0,0
4/3/2018,93,85.2,79,77,75.5,73,89,74.2,55,8,3.5,0,0
6/3/2018,91,84.6,79,79,76.3,73,89,76.8,55,12,4.2,0,0.02
9/3/2018,93,85.6,79,77,72.8,64,89,67.1,38,10,6,0,0
11/3/2018,91,84.5,77,75,70.6,66,74,63.5,46,9,5.3,0,0.65
14/3/2018,91,86.4,82,79,77.1,73,89,73.9,55,13,5.6,0,0
17/3/2018,91,84.8,77,77,74.6,72,89,72.2,59,10,4.9,0,5.77
20/3/2018,93,86,81,79,76.8,73,89,75,56,12,4.8,0,16.47
24/3/2018,93,85.1,77,77,75.4,73,94,74.6,52,14,5.3,0,6.95
29/3/2018,90,85.2,79,79,76.3,75,89,75.4,62,12,4.4,0,0.02
30/3/2018,91,84.2,75,79,75.8,72,94,76.4,55,17,4.4,0,0
31/3/2018,90,84.5,79,79,76.9,75,89,78.3,62,12,5,0,0
1/4/2018,90,83.8,79,79,75.1,72,89,75.9,59,13,5.8,0,0
4/4/2018,90,85.3,82,79,78,75,89,78.9,66,13,5.3,0,0.01
5/4/2018,91,84.4,81,81,77.5,75,89,80.3,62,12,4.3,0,0.28
6/4/2018,91,85.2,79,81,77.3,75,94,78.1,59,12,4.3,0,5.58
7/4/2018,91,85.5,81,79,76.4,72,89,74.8,59,10,4.2,0,0.03
9/4/2018,91,85.4,79,79,73.6,70,89,67.8,52,14,6.2,0,0
10/4/2018,90,83.1,77,79,76.5,75,100,81.8,62,16,5,0,0
12/4/2018,91,84.6,75,79,77.2,72,94,78.4,62,21,5,0,0
14/4/2018,90,82.7,79,81,78.3,75,94,86.4,75,12,3.7,0,0
15/4/2018,91,84.2,79,81,77.3,75,100,80.9,59,8,3.3,0,0
16/4/2018,90,84.3,79,81,78.4,77,94,82.7,70,12,5.3,1,0
17/4/2018,90,83.6,79,81,77.6,75,94,82.7,70,12,3.5,0,0
18/4/2018,91,84,79,81,77.8,75,94,82,63,17,5,0,0.02
19/4/2018,90,83.7,81,81,78.5,75,94,84,66,12,4.1,0,0.01
23/4/2018,93,86.1,81,79,76.5,72,89,73.8,49,12,4,0,0.04
24/4/2018,86,81.8,77,81,77.2,73,94,86.1,74,12,3.9,0,0.01
26/4/2018,90,83.5,79,81,77.4,75,94,82.3,66,10,3.3,0,0.09
27/4/2018,91,85.3,79,81,77.4,75,89,77.7,59,12,5.1,0,3.93
28/4/2018,91,86.3,82,81,79.2,77,89,78.8,66,14,5.7,0,5.81
29/4/2018,90,85.3,81,79,77.3,75,89,76.8,66,16,6.6,0,10.1
1/5/2018,90,81.9,75,79,75.9,73,100,83.1,62,29,3.8,0,1.78
2/5/2018,90,83.7,77,79,77.2,73,94,81.5,66,12,4.8,0,6.54
4/5/2018,90,83.4,77,81,77.3,75,94,82.6,66,12,5.2,0,14.65
5/5/2018,90,83.7,77,79,77.8,73,100,82.5,70,12,4.6,0,34.03
6/5/2018,91,85.2,82,79,77.8,75,89,78.6,59,8,3.8,0,0.36
7/5/2018,91,84.7,79,81,78.3,75,94,81.2,59,12,4,0,0.4
9/5/2018,91,84.2,81,79,78,75,94,81.9,59,20,5.5,0,0.63
10/5/2018,91,84.2,81,81,77.8,75,94,81.5,63,13,5.2,0,2.31
11/5/2018,91,84.3,79,79,76.3,75,94,78.1,59,10,4.9,0,0.3
12/5/2018,91,85.3,79,79,77.2,75,94,77.2,66,8,3.8,0,0
17/5/2018,90,83.1,77,79,78,75,100,84.9,66,10,3.4,0,0.03
19/5/2018,90,83.3,77,81,77.2,75,94,82.7,70,9,3.6,0,0.39
20/5/2018,91,83.3,75,79,77,73,94,82.1,59,12,5.3,0,0
23/5/2018,90,84,79,81,77.9,75,94,82.8,66,12,5,0,0.08
24/5/2018,88,84.1,81,79,77.3,75,89,79.8,70,10,5.7,0,0.08
30/5/2018,90,85.1,81,81,78.8,77,94,81.6,66,9,3.5,0,6.68
5/6/2018,91,85.5,79,81,78,77,94,78.7,63,9,3.4,0,0
8/6/2018,91,86,82,79,77.3,73,89,75.4,59,12,2.9,0,0.01
10/6/2018,93,87.1,82,81,77.7,73,89,73.7,59,14,6.8,0,0.01
11/6/2018,93,87.9,84,81,76.8,73,79,69.6,59,13,7.3,0,0.04
13/6/2018,91,84.3,77,81,75.8,68,94,76.2,46,12,3.6,0,1.37
14/6/2018,93,85.4,79,81,76.5,73,89,75.7,62,13,4.2,0,4.58
15/6/2018,93,85.5,81,81,78.3,75,94,79.3,59,12,4.6,0,0.36
20/6/2018,91,83.4,75,77,74.1,72,94,74.9,52,12,4,0,9.32
29/6/2018,88,79.7,73,77,73.3,68,100,82.3,52,14,3.9,0,0.05
1/7/2018,90,82.8,72,79,75.3,70,94,79.2,59,12,4.5,1,2.35
2/7/2018,90,83,79,77,75.3,73,94,78.7,59,13,5.5,0,0.2
3/7/2018,90,83.8,79,79,75.2,72,89,76.9,58,10,4.2,0,0.1
6/7/2018,88,82.2,75,79,76,73,100,82.1,66,14,4.8,0,0.02
7/7/2018,91,83.9,79,79,76.4,73,94,79.4,59,12,3.7,0,0.05
11/7/2018,91,83.6,79,77,74.2,72,89,74.4,55,8,2.3,0,0
14/7/2018,93,85.8,82,79,76.4,75,89,73.8,56,13,5.2,0,0.01
15/7/2018,93,86.5,79,79,74.5,70,89,68.8,46,10,4.9,0,0.06
20/7/2018,91,83.1,77,79,75.6,73,94,79.2,59,12,4.7,0,0.03
22/7/2018,91,83.8,77,79,76.3,70,94,79.2,55,12,3.8,0,0.03
25/7/2018,91,83.7,79,79,77.9,77,94,83.1,66,12,4.3,0,8.57
26/7/2018,91,85.1,81,79,77,75,89,77.8,59,12,4.8,0,0.05
27/7/2018,90,84.1,81,79,77.9,75,94,81.7,66,10,3.3,0,1.11
28/7/2018,90,83,79,79,77.2,75,94,83,62,13,3.5,0,16.16
29/7/2018,91,84.1,79,79,76.8,73,94,79.8,59,9,3.5,0,54.09
30/7/2018,88,80.4,75,77,74.3,72,100,83,58,12,5.3,0,39.91
4/8/2018,91,84,77,77,73.3,70,94,72.2,49,10,3.5,0,0.03
5/8/2018,93,83.6,77,77,74.5,72,94,75.5,55,8,3.2,0,0.93
6/8/2018,91,84.8,79,79,76.8,75,94,77.8,62,12,4.3,0,6.91
7/8/2018,91,85.1,81,79,76.9,73,89,77,62,12,3.4,0,1.75
8/8/2018,90,81.1,73,77,74.3,72,100,81.4,62,16,2.9,0,0.01
9/8/2018,91,83,77,77,75,73,94,78.3,55,12,3.7,0,0.01
10/8/2018,91,83.4,77,77,75.5,73,94,78.4,59,10,4.6,0,0
11/8/2018,91,84.4,79,79,76,73,94,77.3,55,12,3.5,0,0.01
15/8/2018,93,85.9,81,79,75,72,89,70.7,52,16,6.8,0,4.5
16/8/2018,91,85.2,79,77,75.5,73,89,73.6,59,9,3.2,0,0.38
17/8/2018,91,82.7,79,79,75.9,73,94,81.3,59,9,2.8,0,0.51
21/8/2018,90,84.4,79,79,76.8,73,94,78.6,59,9,3.3,0,36.44
23/8/2018,86,79.3,75,75,73.8,72,100,85,62,9,3.2,0,0.73
24/8/2018,90,81.8,75,75,72.1,70,89,73.3,52,9,2.8,0,12.11
25/8/2018,91,81.8,75,75,72.5,68,89,74.7,46,8,2.2,0,22.46
27/8/2018,91,85.9,77,79,76,73,89,73.1,59,9,4.5,0,0.15
28/8/2018,90,83.6,77,79,75.1,72,94,76.9,55,12,4.2,0,0.2
30/8/2018,90,84.3,79,77,75.4,72,89,75.7,62,12,4.8,0,0.01
31/8/2018,90,83.8,77,77,74.9,72,94,76.1,55,12,4.4,0,0.18
1/9/2018,91,84.4,79,77,74.4,72,89,73.4,58,13,4.6,0,1.61
2/9/2018,88,80.6,75,77,75.1,72,94,84.2,70,9,2.5,0,4.76
6/9/2018,90,83.7,77,79,75.5,73,89,77.2,62,9,4,0,7.73
7/9/2018,84,79.1,73,79,76.4,73,100,92.2,79,14,3.3,0,4.57
8/9/2018,84,80.1,77,79,76.1,75,100,88.4,74,9,3.2,0,0.88
11/9/2018,84,80,75,77,75.1,73,100,86.4,79,8,3.3,0,7.66
14/9/2018,88,81.2,77,77,75.2,73,100,83.2,66,7,2.8,0,7.46
15/9/2018,84,78.9,75,77,74.8,73,100,88.1,74,10,4.1,0,9.8
16/9/2018,82,78.7,77,77,76.2,75,100,92.8,79,7,1.8,0,5.04
18/9/2018,84,79.2,73,75,73.8,72,100,85.1,66,9,2.8,0,5.52
20/9/2018,90,83,77,79,76,73,94,80.3,66,10,3,0,17.05
21/9/2018,91,82.1,77,77,74.5,72,94,79.5,55,12,3.9,0,9.3
22/9/2018,88,80.8,77,77,74.8,72,100,83.1,58,12,3,0,0.07
23/9/2018,88,82.1,77,77,75.9,75,100,82.5,66,13,4.3,0,0.24
24/9/2018,90,83,75,77,76,73,100,80.7,66,20,5.8,0,0.02
26/9/2018,91,83,77,79,76.2,73,94,80.8,59,13,4.5,0,0.01
27/9/2018,91,84,79,79,76.8,73,94,79.8,55,12,4.7,0,11.66
28/9/2018,90,82.7,79,79,76.9,75,94,83.6,66,12,5,0,11.33
4/1/2019,86,79.9,75,77,73.9,72,100,83.3,66,9,3.7,0,3.48
6/1/2019,91,83.3,77,77,75.7,73,94,79,59,10,3.9,0,2.28
8/1/2019,90,84,79,79,76,73,94,77.8,66,12,4.1,0,4.33
9/1/2019,91,83.4,79,79,75.7,73,94,79.3,55,12,6,0,2.65
11/1/2019,90,84,79,79,74.4,72,89,73.4,62,12,5.6,0,1.77
12/1/2019,90,82.7,77,77,70.7,66,89,67.6,49,12,6.8,0,0.27
14/1/2019,91,84,79,77,73.6,72,84,71.9,59,13,5.3,0,3.8
15/1/2019,91,84.1,79,77,73.3,70,89,71.4,55,10,4.6,0,9.52
16/1/2019,91,83.3,79,77,73.5,70,89,73.5,55,9,4.4,0,5.17
17/1/2019,91,84.1,79,77,72.8,72,84,69.2,55,15,7.7,3,4.93
20/1/2019,93,84.5,77,75,71.7,68,79,66,44,13,6.9,0,1.04
23/1/2019,93,84.7,79,75,72.3,70,89,67.4,46,9,4.7,1,7.08
26/1/2019,91,83.4,77,70,64.3,57,66,53.3,37,13,7.2,0,0.25
27/1/2019,88,82.4,77,72,69,66,70,63.6,51,12,6.6,0,0.2
1/2/2019,90,82.9,79,77,74.3,70,89,75.7,55,12,5.2,0,2.5
3/2/2019,91,84.9,81,79,75.7,73,89,75.3,55,12,5,0,5.89
4/2/2019,93,84.8,79,79,75.1,70,94,73.9,49,12,5.7,0,0.93
5/2/2019,93,85.1,79,77,76.1,73,94,76.1,55,13,5.2,0,0.79
7/2/2019,91,83.5,79,79,74,70,94,73.9,59,12,5.9,0,3.14
8/2/2019,93,84.8,79,77,75.1,73,89,74.3,55,12,4.9,0,6.53
9/2/2019,93,85.3,79,79,75.8,72,89,74.7,49,13,4.8,0,3.93
10/2/2019,95,85.4,79,77,75.4,70,94,73.9,49,12,4.6,0,8.13
13/2/2019,93,85.1,81,77,73.4,70,79,68.7,49,10,5.5,0,3.39
16/2/2019,88,82.6,77,79,75,68,94,78.6,62,10,4.2,0,6.74
18/2/2019,91,84.1,77,79,74.8,70,89,74.3,59,13,4,0,0.06
19/2/2019,93,83.3,77,77,75.4,73,89,78.2,56,14,4.4,0,3.29
20/2/2019,91,82.9,79,79,76,73,94,80.9,62,14,5.3,0,1.15
22/2/2019,93,85.5,79,79,77.5,75,94,77.5,56,12,5.6,0,1.66
24/2/2019,93,85.2,79,79,74.4,70,84,71,52,12,4.8,0,1.53
27/2/2019,97,87,81,77,73.4,70,79,64.8,44,10,6.2,1,0.52
1/3/2019,97,87.1,82,79,74.7,64,89,68.2,36,12,5.7,0,0.38
4/3/2019,95,85.8,79,75,69.4,61,83,60.2,36,10,3.6,0,13.67
5/3/2019,95,85,75,77,68.6,63,84,59.4,36,10,4.2,0,16.56
6/3/2019,95,86.2,79,77,74.7,72,89,70.3,49,12,4.8,0,1.65
10/3/2019,93,84.7,77,79,76,72,94,75.8,55,14,5.1,0,6.02
16/3/2019,95,87.2,81,79,73.8,68,89,65.7,44,12,5.2,1,26.59
19/3/2019,95,87,81,79,74.9,70,84,68.5,49,15,5.8,0,66.31
20/3/2019,91,85.3,81,79,76.7,73,89,75.8,62,14,5.5,0,3.77
21/3/2019,95,86.7,81,79,75.2,66,89,70.5,39,12,4.8,0,1.01
25/3/2019,93,83.3,77,79,76.8,73,94,81.7,59,9,3.4,0,12.04
26/3/2019,91,85.3,79,81,77.5,73,94,78.4,63,12,4.8,0,1.55
27/3/2019,93,85.8,81,81,78.1,73,94,77.9,63,15,5.9,0,20.02
28/3/2019,93,85.8,79,79,76.2,73,89,73.9,56,14,5.9,0,39.69
29/3/2019,93,86.2,81,81,77.1,73,94,75,55,13,4.6,0,4.77
30/3/2019,91,85.1,79,81,77.3,75,94,77.8,59,13,3.2,0,1.63
31/3/2019,91,85.3,79,79,76,73,94,74.8,55,9,3.9,0,1.42
3/4/2019,91,83.4,79,79,76.3,73,94,80.6,59,14,5.2,0,3.88
4/4/2019,93,83.9,79,79,76.5,73,94,79.8,63,20,5.4,0,0
5/4/2019,93,84.9,79,79,76.4,73,89,76.7,56,10,3.9,0,0.02
6/4/2019,93,85.4,79,81,78.5,77,100,79.9,63,12,4.9,0,0
9/4/2019,93,86.2,79,79,74.2,66,89,68.8,43,10,4.2,0,0.16
10/4/2019,91,85.8,81,77,74.1,70,84,68.6,55,12,5,0,1.84
12/4/2019,93,87.2,82,81,78.3,75,89,74.8,59,13,4.5,0,198.26
15/4/2019,91,84.4,77,81,77.2,73,94,79.7,63,13,4.7,0,0
16/4/2019,93,86,79,82,79.6,77,100,81.1,63,13,5.3,0,0.03
17/4/2019,91,85.4,79,81,78.6,77,94,80.5,63,12,5.4,0,1.9
19/4/2019,93,86.6,81,81,79.4,77,94,79.1,59,10,3.5,0,0.93
25/4/2019,93,86.4,81,81,79.8,79,100,80.6,63,13,4.3,0,5.49
26/4/2019,91,86.3,81,81,79.5,73,94,79.8,66,9,5.1,0,1.63
28/4/2019,90,83.3,75,79,75.9,73,100,79.5,59,14,4.1,0,0.02
29/4/2019,93,86.5,81,81,77.3,73,89,74.5,59,10,3.9,0,0.82
1/5/2019,93,85.9,81,81,78.1,75,94,77.8,59,8,3.4,0,4
2/5/2019,95,86.5,82,82,78.7,75,89,77.7,59,9,2.8,0,0.17
3/5/2019,93,86.9,81,81,78.6,75,94,77.1,56,8,2.4,0,0.07
6/5/2019,82,79.3,75,79,76.3,73,100,91.8,84,9,3.2,0,23.34
7/5/2019,86,81.6,79,81,79.1,77,100,91.9,79,6,1.9,0,34.1
8/5/2019,84,79.8,75,79,78,73,100,94.5,84,9,3,0,17.26
9/5/2019,88,80,75,79,76.8,73,100,90.7,70,13,3.1,0,7.83
10/5/2019,82,79.6,77,79,76.9,75,100,92.4,79,7,2.4,0,0.02
11/5/2019,91,83.1,75,79,76.3,73,100,81.1,63,9,3.1,0,0.15
12/5/2019,91,83.2,77,81,77.5,73,100,83.8,59,8,2.6,0,1.86
17/5/2019,90,82.1,75,79,76,72,94,82.8,66,13,3.3,0,0
18/5/2019,90,83.5,77,79,77.5,75,94,82.7,70,12,3.6,0,0.11
19/5/2019,88,83.1,79,81,78.7,75,100,86.1,79,9,2.8,0,12.25
25/5/2019,90,83.6,77,79,77.5,75,100,82,66,9,3.6,0,0.78
26/5/2019,91,85.3,81,81,78.7,77,94,80.8,66,12,3.6,0,3.64
27/5/2019,93,85.8,81,81,78,75,94,78,59,10,4,0,0.12
28/5/2019,91,84.1,77,81,78.7,75,100,83.6,63,15,4.2,0,0
29/5/2019,90,83.1,77,79,77.5,75,100,84.1,62,10,4.1,0,0.04
30/5/2019,90,82.9,75,81,77.4,73,100,84.2,66,10,4.5,0,0.03
31/5/2019,88,83.1,79,81,78.8,77,100,87.1,70,10,4.4,0,63.94
1/6/2019,90,82.9,77,81,77.9,75,100,85.5,66,9,3.7,0,13.4
4/6/2019,90,83.3,77,79,75.8,73,94,79.1,62,10,4.6,0,0.58
5/6/2019,88,82.8,79,79,77.7,75,94,84.4,70,16,4.9,0,0.59
6/6/2019,88,82.1,79,79,77,75,94,85.1,70,23,4.3,0,1.09
7/6/2019,90,83.5,79,77,76.2,73,94,79.8,62,9,3.1,0,0.43
8/6/2019,90,84.2,79,81,78.3,77,100,83.1,66,14,3.9,0,0.05
9/6/2019,90,83.3,79,79,77.3,75,94,82.7,66,12,4.7,0,24.06
10/6/2019,86,86,86,81,81,81,84,84,84,5,5,5,10.41
11/6/2019,84,84,84,79,78.1,77,84,81.9,79,8,7.3,6,0
12/6/2019,91,86.2,82,82,78.5,75,89,77.6,66,15,8.8,0,0
14/6/2019,93,86,81,81,77.9,75,89,76.8,56,14,6.9,0,1.96
15/6/2019,88,83.6,81,79,77.4,75,94,81.8,66,9,3.8,0,3.59
16/6/2019,91,85.4,81,81,78.5,75,94,80.2,59,10,3.8,0,0.77
17/6/2019,91,85.7,82,81,79.4,77,89,81,63,9,4.2,0,30.93
18/6/2019,91,85.5,81,81,78.6,75,94,79.8,59,14,5.8,0,10.51
19/6/2019,88,84.9,81,81,79.3,77,94,82.9,74,9,5.4,0,2.77
20/6/2019,90,85,79,81,76.5,73,94,76.2,59,13,4.6,0,0.01
21/6/2019,93,84.9,79,79,75.4,73,89,74.2,59,8,2.8,0,0
22/6/2019,91,83,77,77,74.8,73,89,77.5,59,8,4.1,0,0.03
23/6/2019,90,82.8,77,79,76.3,73,94,81.9,62,10,4.5,0,0.21
24/6/2019,91,85.1,81,81,77.7,77,94,79.3,63,14,5,0,0.07
26/6/2019,90,84.1,81,79,77.3,75,94,80.3,62,10,4.7,0,1.46
27/6/2019,91,84.8,81,79,76.9,75,94,78.3,62,10,3.8,0,85.95
28/6/2019,91,85.2,79,81,77.8,75,94,79.1,63,14,6.3,0,24.74
29/6/2019,91,85.9,81,81,78.6,75,94,78.8,59,14,4.9,0,104.72
30/6/2019,91,85.3,82,81,77.9,75,94,78.4,62,12,5,0,93.09
1/7/2019,91,85.5,81,81,78.8,77,94,80.5,66,12,4.8,0,44.44
2/7/2019,91,86.2,82,81,78.6,77,89,77.9,63,14,6,0,4.99
6/7/2019,90,84.9,79,77,74.5,70,94,72.4,52,16,6.1,0,0.32
8/7/2019,91,85.4,81,79,77.7,77,94,77.7,63,13,5.7,0,0.01
9/7/2019,88,84,79,77,75.4,73,94,76.5,62,13,6,0,0.03
12/7/2019,91,83.2,77,79,75.5,72,89,78.5,59,13,5.6,0,0.01
14/7/2019,90,83.2,79,79,76.3,73,94,80.5,62,9,3.2,0,1.8
16/7/2019,82,78,73,79,75.8,73,100,93.5,89,13,2.6,0,0.23
17/7/2019,90,82.3,75,79,75.3,72,100,80.7,59,13,5.2,0,0.06
21/7/2019,91,85.1,79,79,77.1,75,94,77.7,62,13,4.4,0,0.03
22/7/2019,91,84.7,79,79,76.6,72,89,77.2,62,14,5.6,0,0.09
23/7/2019,90,83.7,77,79,76,73,94,78.5,66,10,5.1,0,0.37
25/7/2019,90,83.8,79,77,74.9,72,89,75.9,59,8,3.5,0,5.39
26/7/2019,91,85.3,81,79,76.4,72,94,75.8,55,14,5.4,0,18.63
27/7/2019,91,84.9,79,79,75.9,72,89,75.7,52,12,3.7,0,0.93
28/7/2019,91,85.3,81,79,76.2,72,89,75.1,55,12,4.5,0,0.68
29/7/2019,90,83.9,77,77,74.4,73,89,74.4,59,10,3.5,0,0
30/7/2019,93,85.3,79,77,74.8,72,94,72.3,52,12,3.1,0,0
31/7/2019,91,84.8,79,79,76,73,94,76,55,10,3.2,0,0.05
1/8/2019,90,81.7,75,77,75.1,73,94,81.5,59,20,3.8,0,0.09
2/8/2019,91,84.9,79,79,75.9,72,94,75.9,55,15,6.2,0,5.86
3/8/2019,90,84.7,81,79,76.1,72,89,76.1,55,15,4.3,0,15.24
4/8/2019,91,84.8,81,79,77.7,75,94,80.3,59,13,4.1,0,11.04
5/8/2019,91,85,81,79,77.8,75,94,79.3,62,15,7.1,0,0.58
6/8/2019,93,84.8,79,79,76.3,73,94,76.8,59,15,5.3,0,0
7/8/2019,91,84.5,79,79,77.5,75,94,80.1,62,8,2.5,0,0
8/8/2019,91,85.1,79,79,76.3,72,94,76,55,10,3.6,0,0
9/8/2019,90,84.2,75,79,77.3,70,94,80.2,70,20,6.5,0,0.12
10/8/2019,90,80.6,75,79,73.3,70,94,80.4,55,13,4.2,0,2.54
11/8/2019,91,83.9,77,81,76.3,73,94,78.9,62,18,6.5,0,0
12/8/2019,91,85.9,82,81,77.3,75,89,75.6,62,13,5,0,0
13/8/2019,91,85.7,79,81,77.7,75,94,77.6,59,12,4.7,0,0
14/8/2019,91,84.9,81,79,76.7,72,89,76.7,52,12,3.7,0,0
15/8/2019,82,80.5,77,77,75,73,100,84.7,74,10,4.1,0,0.11
16/8/2019,90,82.9,77,79,75.7,72,94,80,55,16,5.4,0,1.86
17/8/2019,91,85,79,79,76.8,75,94,77.3,62,14,6.5,0,0.1
18/8/2019,93,84.7,81,79,77.3,73,94,79.6,55,12,5.3,0,0.07
19/8/2019,90,84.2,79,79,75.8,73,89,77.2,59,15,6.7,0,5.17
20/8/2019,91,85.2,79,79,76.5,73,89,75.9,59,14,4.7,0,14.83
21/8/2019,84,80.7,73,79,75.3,73,100,84.3,70,12,4.9,0,3.39
22/8/2019,91,83.5,77,77,74.8,70,94,76.3,62,9,3.7,0,23.59
23/8/2019,91,84.7,79,79,74.3,72,84,71.7,55,13,4.7,0,11.88
24/8/2019,88,81.3,77,79,76.3,75,100,85.8,66,18,3.8,0,0.34
25/8/2019,88,81,77,77,74.9,73,94,83.2,66,8,4.4,0,3.05
26/8/2019,91,83,77,77,74.6,73,89,77.3,59,10,2.8,0,5.72
27/8/2019,88,82.1,77,79,75,72,94,80.3,62,9,2.3,0,0.86
28/8/2019,84,80.5,77,77,74.5,72,89,83.6,74,9,2.5,0,1.45
29/8/2019,88,82.4,77,79,75.7,72,94,81.2,66,12,4.3,0,0.03
30/8/2019,90,83.7,79,79,76.5,73,94,79.7,66,15,6,0,0
31/8/2019,91,85.1,81,79,75,72,89,72.8,55,16,7.9,0,7.16
1/9/2019,90,84.5,81,77,73.6,70,84,69.9,62,9,6.3,0,1.71
2/9/2019,91,85.1,81,79,76.6,72,89,76.6,52,8,3.2,0,0.86
3/9/2019,86,81,77,79,77.5,75,94,88.8,79,15,1.9,0,7.37
4/9/2019,88,82.7,77,79,76.9,75,100,83.1,70,14,4.3,0,0.11
5/9/2019,90,84.4,81,79,76.1,73,94,76.8,66,10,4.3,0,9.62
6/9/2019,90,84.3,79,79,77.2,73,94,79.8,66,14,5,0,4.04
7/9/2019,90,84.6,81,79,77.3,75,94,79.5,62,14,4.8,0,0.05
8/9/2019,88,84,79,79,76,72,89,77.4,58,20,4.8,0,0.04
9/9/2019,86,81,75,77,75.1,72,100,83.6,66,18,3.6,0,25.39
10/9/2019,90,82.4,77,79,76.1,72,94,82,62,12,4.2,0,4.51
11/9/2019,90,83.2,75,79,76.8,72,94,81.7,66,15,6.1,0,13.2
12/9/2019,90,83.3,77,79,76.1,73,94,79.8,59,12,4.8,0,1.79
13/9/2019,90,82.2,77,79,75.8,70,94,81.9,62,9,2.7,0,50.17
14/9/2019,84,80.4,79,79,76.7,75,94,89.2,79,8,2,0,1.07
15/9/2019,86,80.4,77,79,74.9,72,94,84.6,66,9,4.2,0,0.5
16/9/2019,90,82.9,77,77,74.5,72,89,77.3,58,10,3.4,0,2.17
17/9/2019,88,83.4,79,79,76.8,73,89,81.3,62,9,3.2,0,2.27
18/9/2019,88,82.9,79,79,77,75,94,82.8,66,15,3.2,0,0.15
19/9/2019,88,82.7,79,79,76.8,75,89,82.7,70,10,4.1,0,5.77
20/9/2019,84,80.6,75,79,75.5,73,100,85.2,74,14,3.4,0,6.99
21/9/2019,88,83.2,77,79,76.3,75,94,80.6,66,12,4.2,0,12.88
22/9/2019,91,84.4,81,79,75.7,73,89,76,59,10,4.1,0,0.54
23/9/2019,90,82.9,75,79,76,73,100,81.3,62,12,5.1,0,12.2
24/9/2019,91,82,77,79,76.4,73,100,84.6,59,25,3.5,0,8.68
25/9/2019,90,82.2,77,81,77.8,75,100,87.5,66,14,3.7,0,0.8
26/9/2019,88,81,77,79,77.8,75,100,90.4,74,9,3.2,0,6.42
27/9/2019,88,80.3,75,79,76,73,100,87.8,74,12,3.9,0,0.17
28/9/2019,90,81.5,75,79,75.5,73,100,83.5,62,10,4.4,0,13.12
29/9/2019,91,81.9,75,77,75.1,73,100,81.7,55,12,5.9,0,9.39
30/9/2019,88,82,77,79,77,75,100,85.2,70,17,5,0,7.34
1/1/2020,91,84.7,79,73,69.1,66,74,59.9,46,14,9.3,2,7.54
2/1/2020,91,84.3,81,77,72.2,70,84,67,52,14,7.5,0,1.48
3/1/2020,91,84.8,79,77,73.8,72,89,70.2,55,15,7.3,2,0.33
4/1/2020,93,85,79,77,72.5,70,79,66.2,46,16,10,3,1
5/1/2020,91,84.2,77,77,70.8,68,84,64.2,52,13,6.4,0,1.57
6/1/2020,93,85.1,79,70,67.8,64,70,57,41,17,9.9,2,4.21
7/1/2020,91,84.7,79,75,70.3,68,79,62.2,49,12,6.2,0,4.19
8/1/2020,93,85.5,81,77,73.7,72,84,67.8,55,13,7.5,3,7
9/1/2020,93,84.8,79,77,72.8,68,94,68.6,49,13,5.1,0,2.49
10/1/2020,91,84.5,79,79,73.2,68,89,69.2,58,13,6.8,2,3.26
11/1/2020,91,83.5,77,81,76.8,72,100,81.3,55,12,4.4,0,0.76
12/1/2020,91,83.1,77,79,75.2,72,94,78.4,55,8,3.4,0,2.35
13/1/2020,90,83.5,79,79,76,75,94,79.2,62,10,4,0,1.37
14/1/2020,91,84.3,77,77,71.7,68,89,66.8,46,12,5.2,0,0.74
15/1/2020,91,84.1,77,75,72.8,70,84,69.6,55,10,4.2,0,0.46
16/1/2020,91,84.9,79,75,72.6,68,84,66.9,55,12,5.4,0,0.51
17/1/2020,91,84.8,79,77,73.2,72,78,68.6,59,12,5.7,0,8.41
18/1/2020,91,85.4,81,77,73.4,72,84,67.7,52,12,5.9,0,13.09
19/1/2020,91,84.8,79,79,75,72,94,73.5,55,13,5.4,0,34.03
20/1/2020,91,84.7,79,79,76.3,73,100,77.2,59,13,4.3,0,0.11
21/1/2020,90,83.9,81,79,74.8,72,89,74.2,59,13,5.8,0,0.12
22/1/2020,91,84.3,77,75,71.3,68,79,65.3,46,12,5.9,0,0.81
23/1/2020,91,84.7,79,77,74.2,72,89,71.4,55,13,5.6,0,2.96
24/1/2020,93,85.9,81,75,72.1,64,84,64.4,48,12,6.8,2,5.11
25/1/2020,91,84.7,79,79,70.8,64,79,64,48,13,5.4,0,14.75
26/1/2020,93,84.6,79,77,72.9,70,89,69.5,46,12,4.7,0,11.73
27/1/2020,93,84.8,77,77,72.4,68,89,67.6,49,14,4,0,2.77
28/1/2020,93,85.2,79,77,74.4,72,89,71.2,52,12,4.3,0,2.88
29/1/2020,91,84.8,81,77,74.3,72,84,71.6,52,15,5.8,0,1.29
30/1/2020,93,84.5,79,77,74.6,68,94,74,49,12,4.1,0,5.48
31/1/2020,88,83.1,81,77,74.2,70,84,74.7,62,13,6.4,0,0.26
1/2/2020,90,82.9,77,79,76.7,75,100,82.2,66,14,4.8,0,0.45
2/2/2020,91,84.5,81,77,72.7,70,84,67.6,55,13,5.2,0,0.19
4/2/2020,90,82.5,75,75,71.1,64,94,69.7,55,12,5.3,0,1.1
5/2/2020,90,83.3,77,75,72,70,83,69.4,55,10,6,0,48.16
6/2/2020,91,84.2,79,77,74.3,72,94,73.4,55,12,6,0,41.58
7/2/2020,91,85.1,79,77,72.1,68,84,66.2,46,13,7.2,0,35.35
8/2/2020,91,84,77,77,67.9,63,84,59.6,43,12,6.7,0,0.74
9/2/2020,90,83.8,79,75,72.2,68,84,68.5,58,13,6.4,0,0
10/2/2020,90,82.6,77,77,73.5,70,100,74.9,55,13,6.7,0,0.26
13/2/2020,91,83.7,77,79,76.5,73,100,80,55,12,5.8,0,15.98
14/2/2020,91,85,81,81,77.2,73,89,78.2,59,13,4.5,0,7.66
16/2/2020,91,84.6,79,79,76.5,73,94,77.9,59,10,3.7,0,0.02
18/2/2020,90,82.3,73,79,74.9,72,100,79.8,58,15,5.4,0,3.92
25/2/2020,91,85.3,79,77,71.5,68,84,63.6,49,12,7,0,0.07
26/2/2020,93,86.1,81,77,71.8,66,84,63.3,44,13,6,0,0
28/2/2020,93,85.7,79,79,73.6,70,84,67.8,49,12,5.5,0,1.33
29/2/2020,93,85.9,81,79,75.3,73,89,71.5,55,13,6.4,2,3.29
1/3/2020,93,85.9,81,77,73.7,70,84,67.6,49,13,6.6,0,56.75
2/3/2020,93,85.7,79,79,76.1,73,94,74,56,13,5.6,0,4.56
4/3/2020,91,85.7,81,79,75.8,72,89,72.8,52,13,5.5,0,33.46
5/3/2020,93,85.7,81,77,75.4,72,84,72.1,49,10,4.7,0,255.92
6/3/2020,91,84.8,81,79,76.1,75,89,75.8,62,10,3.9,0,6.14
8/3/2020,93,86.2,81,79,77.6,75,89,75.9,56,10,3.4,0,0.01
9/3/2020,93,86.2,81,79,77.6,75,89,75.8,56,12,3.5,0,0.02
10/3/2020,93,86.3,81,79,77.6,77,94,75.7,59,8,3.3,0,0.01
14/3/2020,93,86.4,81,79,76.4,75,89,72.6,56,14,5,0,0.02
18/3/2020,93,85.7,79,79,74.9,72,89,71.7,52,10,4.9,0,7.97
19/3/2020,91,85.2,81,77,74.9,70,84,72.7,52,13,5.9,0,95.48
22/3/2020,91,84.5,79,77,73.3,70,83,70,52,13,4.3,0,5.78
24/3/2020,91,84.7,81,79,76.8,75,89,77.8,59,16,5.5,0,0.16
25/3/2020,91,84.7,81,79,77.5,73,94,79.2,55,13,4.1,0,0
26/3/2020,91,84.8,81,81,77.8,75,94,79.8,63,10,3.6,0,0
27/3/2020,91,85.8,79,79,77.1,75,94,76,62,10,4.1,0,0.02
28/3/2020,93,87.2,82,81,78.6,75,89,75.6,59,12,4.6,0,0
29/3/2020,93,85.3,79,81,78.4,75,94,80.4,66,10,4.6,0,0
31/3/2020,93,86.8,81,79,76.8,72,89,73,49,12,4.5,0,0
1/4/2020,93,86.4,82,81,79,77,94,78.3,63,13,3.9,0,0
2/4/2020,90,84.2,81,81,77.5,73,89,80.2,70,10,3.9,0,0.66
3/4/2020,91,83.8,79,81,77.8,75,94,82,66,17,4.4,0,7.84
4/4/2020,93,86.1,79,79,77,73,94,75.5,52,10,5.2,2,25.07
6/4/2020,91,84,79,79,76.9,73,94,80.6,59,12,4.8,0,13.17
8/4/2020,91,85.2,79,79,76.3,73,94,75.7,59,13,4.7,0,0.67
9/4/2020,91,84.4,77,81,78.6,73,100,83.2,63,12,4.7,0,48.85
14/4/2020,91,84.4,81,79,76.5,73,89,77.4,55,14,5.7,0,24.28
15/4/2020,91,85.3,81,81,77.9,75,89,78.7,66,14,4.9,0,0.58
16/4/2020,91,84.3,77,79,77.2,75,100,80.3,59,10,4.6,0,0.03
20/4/2020,93,85.7,79,81,77.7,75,94,77.7,56,14,5.8,0,0.04
21/4/2020,91,85.8,81,81,78.6,75,94,79.2,66,12,5,0,0
22/4/2020,93,84,79,82,78.3,75,94,83.7,63,13,5.3,0,0
23/4/2020,91,81.8,73,79,76.8,73,100,86.3,62,20,4.4,0,0
24/4/2020,90,83.2,77,79,76.2,73,100,81.1,59,13,3.9,0,0
25/4/2020,91,84.7,77,81,78.4,75,100,82,62,12,4.3,0,0.07
26/4/2020,90,80.9,77,79,76.9,75,100,88.6,62,9,3.2,0,0
27/4/2020,88,81.5,77,79,76.8,75,100,86.4,70,10,4.1,0,0.01
28/4/2020,90,82.3,77,79,76.7,73,94,84,70,12,4.5,0,0
29/4/2020,90,82.6,79,79,76.8,73,94,83.3,66,12,4.8,0,0.08
30/4/2020,88,82.5,79,81,77.3,75,94,85,70,10,3.4,0,1.43
1/5/2020,86,81.3,79,81,77.5,75,100,88.6,74,8,2.6,0,0.07
3/5/2020,91,85.2,81,81,78.3,77,94,80.2,63,10,4.8,0,4.1
4/5/2020,90,84,79,81,77.3,73,94,80.7,59,13,3.4,0,2.44
5/5/2020,90,85,81,81,78.4,75,89,80.7,70,10,3.3,0,8.48
7/5/2020,90,85.4,82,81,79.8,79,94,82.7,70,10,3.3,0,17.98
8/5/2020,93,85.6,81,81,79,75,94,80.8,66,12,4.7,0,9.33
9/5/2020,91,84.2,79,81,78.1,75,94,82.5,63,13,5.3,0,13.12
11/5/2020,91,83.6,77,79,77.5,75,100,82.8,66,12,5.5,0,2.67
14/5/2020,91,85.8,81,81,78.7,75,94,79.4,62,12,4.5,0,66.28
15/5/2020,90,85.3,81,81,79.6,77,94,83.4,70,13,5.3,0,8.94
16/5/2020,88,84.2,79,81,79.1,77,94,84.5,75,13,5.4,0,5.28
17/5/2020,84,80,77,79,77.9,75,100,93.6,84,16,3.2,0,0.74
20/5/2020,93,86.3,82,82,80,77,94,81.3,59,12,3.5,0,0.9
21/5/2020,93,86.3,81,81,77.6,75,89,75.9,56,9,4,0,0.04
22/5/2020,88,82.1,77,81,78.2,75,100,87.9,74,16,2.8,0,0.01
23/5/2020,88,82.1,79,81,77.7,75,94,86.8,74,13,3.6,0,0.11
27/5/2020,90,84.3,79,82,78.3,75,94,82.5,70,10,3.6,0,0.28
28/5/2020,91,85.3,79,81,78.8,77,94,81.3,70,10,4.5,0,3.65
29/5/2020,90,82.3,77,81,77.4,72,100,86.1,55,14,4.4,0,2.89
30/5/2020,90,84,77,81,78,77,100,82.5,66,10,4.1,0,0.04
31/5/2020,88,83.1,79,81,78,75,94,84.8,70,17,5.4,0,0
1/6/2020,90,83.6,77,81,77.7,75,100,82.8,70,9,4.4,0,0
2/6/2020,86,81.8,75,81,77.1,72,100,85.5,70,13,3.7,0,0.02
3/6/2020,90,84.2,81,81,78,75,94,82.2,70,12,3.6,0,0
4/6/2020,82,80.4,77,79,77,75,100,90,84,15,3.2,0,0.73
5/6/2020,88,81.8,77,79,77,73,100,85.9,66,12,3.5,0,0.54
6/6/2020,86,81.7,73,79,76.6,72,100,85,74,12,4.3,0,0.04
7/6/2020,90,83.3,79,79,76.9,75,94,81.5,66,9,2.8,0,0.01
8/6/2020,84,82.8,82,77,76.6,75,84,81,74,3,1.2,0,0
9/6/2020,90,85.3,81,81,77.8,75,89,79.1,62,12,4.5,0,0
10/6/2020,90,84.2,81,81,78.3,75,89,81.8,74,17,3.8,0,0
13/6/2020,88,82.7,77,79,76.2,73,94,81.5,66,9,3,0,0.02
14/6/2020,90,84.4,81,81,78.1,75,94,81.5,62,13,6.7,0,0.76
15/6/2020,90,84.8,79,79,77.5,75,94,79.6,66,10,4,0,8.38
16/6/2020,90,83.3,75,79,77,72,100,82,55,14,4.2,0,2.93
17/6/2020,90,84.4,79,79,77.5,73,100,80.6,62,10,3.4,0,0.03
18/6/2020,88,82.8,79,79,77,75,94,83,70,12,4.5,1,0.02
19/6/2020,88,82.3,77,79,77.5,75,94,85.7,70,10,3.1,0,0
20/6/2020,88,81.7,75,79,77,75,100,86.1,70,8,3,0,0.64
22/6/2020,88,83.7,79,81,78,77,94,83.2,70,14,5.1,0,6.57
23/6/2020,90,83.2,77,79,76.6,73,94,81.5,62,12,4.5,0,0.42
24/6/2020,90,84.3,79,81,77.2,73,94,79.8,66,13,5.3,0,0.09
25/6/2020,90,83.3,77,79,76.8,75,94,81.5,66,13,6.4,0,0
26/6/2020,86,81.8,77,77,76.1,73,100,83.5,70,12,4.6,0,0
27/6/2020,90,84,81,79,76.8,75,89,79.6,62,10,4.3,0,0
28/6/2020,90,84.9,81,81,79,77,94,82.2,70,18,6.8,0,0
1/7/2020,88,82.9,77,81,77.6,75,94,84.2,75,14,5.3,0,4.42
2/7/2020,90,83.7,79,81,77.8,75,94,83.1,70,12,5.4,0,18.96
3/7/2020,88,83.8,81,79,78,75,94,82.3,70,14,5.9,0,10.94
4/7/2020,91,84.4,81,79,77.6,73,94,80.5,59,10,4.3,0,3.81
5/7/2020,90,84.9,79,79,77.5,73,94,79.1,62,9,4.3,0,0.96
6/7/2020,90,82.3,77,79,76.6,75,100,84,62,10,3.7,0,0
7/7/2020,86,80.9,77,79,76.7,73,100,87.8,70,12,3.8,0,0
8/7/2020,88,81.8,75,79,75.5,73,100,82.3,66,9,4.4,0,0.01
9/7/2020,88,81.7,77,79,75.7,73,100,82.8,66,12,4.3,0,0.01
10/7/2020,88,83,81,79,76.7,75,89,81.8,70,12,4.1,0,21.86
11/7/2020,88,82.2,79,79,76.9,72,94,84.5,74,12,3.3,0,3.22
12/7/2020,88,82.2,77,79,76.4,75,94,83.1,70,12,5.2,0,0.02
13/7/2020,86,81.8,79,79,75.7,73,94,82.8,70,12,2.7,0,0
14/7/2020,88,83,79,79,76.3,75,94,80.9,66,10,5.3,0,0.03
15/7/2020,90,83.9,79,79,77.6,75,94,81.7,66,13,5,0,0
16/7/2020,90,82.3,77,79,76.9,75,94,84.8,62,9,3,0,0
17/7/2020,90,82.7,77,79,76.4,75,94,82.3,66,12,5,0,0.02
18/7/2020,90,81,75,79,76.8,75,100,87.7,66,9,3.8,0,0.01
19/7/2020,88,83.1,77,79,76.3,73,94,80.6,62,10,4.5,0,0.05
20/7/2020,90,84.2,79,81,77.4,73,100,81,59,12,5.1,0,2.6
21/7/2020,90,82.9,75,79,76.6,75,100,82.8,62,13,4.2,0,2.76
22/7/2020,88,81.2,77,79,77.6,75,100,89.4,70,10,3.5,0,5.41
23/7/2020,86,82.1,77,79,76.4,75,100,83.3,70,13,3.9,0,18.47
24/7/2020,88,82.5,75,79,77.5,75,100,85.5,70,13,4.7,0,11.26
25/7/2020,88,82,75,79,76,73,100,82.8,62,14,6.1,0,1.14
26/7/2020,90,82.8,77,79,76.5,75,94,82,66,13,5.8,0,7.05
27/7/2020,90,83.5,77,79,76.9,75,94,81.5,66,13,7.2,0,2.36
28/7/2020,91,84.7,79,79,76.5,73,94,77.4,66,15,8.3,0,6.92
29/7/2020,91,84.2,77,77,75.3,73,94,76,59,17,6.6,0,5.12
30/7/2020,91,85.6,81,77,76.7,75,89,75.3,62,9,3.9,0,7.36
31/7/2020,84,80.4,77,79,76.4,75,94,88.5,74,8,1.5,0,2.14
4/8/2020,90,84.8,81,81,78.7,77,89,81.5,70,14,4.5,0,0
5/8/2020,91,85.3,82,81,79.2,77,89,81.4,70,12,4.8,0,0.1
6/8/2020,91,85.8,82,81,78.9,75,94,79.8,62,9,2.6,0,0.04
7/8/2020,90,84.5,79,81,78.1,77,94,81.5,66,13,4.1,0,0.02
10/8/2020,91,85.9,82,79,78,73,89,77.5,55,10,2.7,0,0.02
18/8/2020,90,83,77,81,76.4,73,100,81.3,62,15,4,0,0.53
21/8/2020,90,83.6,81,79,76.8,75,89,80.7,66,17,3.7,0,1.52
22/8/2020,91,83.6,77,79,75.4,73,94,78.2,55,15,5,0,7.26
23/8/2020,91,84.9,81,79,77.3,75,89,79.1,62,15,5.5,0,18.38
24/8/2020,91,84.2,79,77,75.8,72,94,77,55,13,4.5,0,14.91
28/8/2020,90,84.4,79,79,76.9,75,94,79.2,62,16,5.3,0,33.1
30/8/2020,90,82.8,75,81,77.4,73,100,84,66,16,5.2,0,0.17
5/9/2020,88,82.5,77,79,76,73,94,81.4,66,12,3.8,0,0.73
6/9/2020,88,82.5,75,79,77,73,100,84.2,70,16,5.9,0,0.15
7/9/2020,88,83.2,79,79,78,75,94,84.7,66,12,3.1,0,12.54
8/9/2020,90,84,79,79,77,75,94,80.8,66,13,5.2,0,0.73
9/9/2020,88,82.6,79,79,76.1,73,94,81.3,66,14,6.1,0,0.04
10/9/2020,90,82.2,77,79,76.6,75,100,84,66,12,4.5,0,0.01
11/9/2020,86,80.4,77,77,75.2,72,100,85.2,62,6,2.8,0,2.09
12/9/2020,86,81.1,75,79,76.5,75,100,86.3,74,16,5.2,0,2.14
14/9/2020,86,81.1,79,77,74.9,70,94,82.8,62,9,1.2,0,6.15
15/9/2020,86,81.6,77,77,75,73,94,81.4,66,18,4.7,0,2.36
17/9/2020,90,83.5,79,79,76.8,73,89,81.1,66,10,2.7,0,0.04
19/9/2020,88,81.8,75,79,76.6,73,100,84.5,70,15,6.4,0,3.03
20/9/2020,88,82.7,79,79,76.9,72,100,83.1,58,12,3,0,7.53
21/9/2020,90,84,79,79,77.2,75,94,80.6,66,12,3.4,0,2.54
22/9/2020,88,81.3,75,79,76.1,72,100,85,70,12,5.2,0,1.7
24/9/2020,88,80.5,75,77,75.2,73,100,85.5,66,15,3.1,0,27.07
25/9/2020,88,80.8,77,79,76,75,94,86.5,74,14,4.4,0,13.77
26/9/2020,84,79.3,75,77,74.1,72,94,85.4,74,8,2.5,0,5.41
28/9/2020,84,81.3,79,77,74.3,70,94,80.3,70,9,3,0,0.51
29/9/2020,88,82.2,77,79,75.7,73,94,81.5,66,17,4.8,0,0.02
30/9/2020,86,82.7,79,79,76.8,75,94,82.8,70,14,4.1,0,1.27
1/10/2014,90,83.2,77,79,76.5,73,89,81.1,66,10,3.8,0,2.69
3/10/2014,88,82.5,77,81,76.8,75,94,83.7,70,12,4.2,0,127.91
5/10/2014,82,77.4,73,77,74.3,72,100,91,79,10,3.8,0,41.89
6/10/2014,88,80.1,75,77,74.3,72,94,83.8,66,10,3.5,0,3.54
10/10/2014,90,85.1,81,79,77.7,75,89,78.9,62,10,3.8,0,0.07
11/10/2014,91,83.1,81,81,78,73,94,84.6,55,14,4.1,0,0.15
15/10/2014,88,82.6,77,79,77,75,94,84.1,70,10,5.1,1,16.05
21/10/2014,90,81.1,77,81,76.8,75,100,87.5,66,10,3.5,0,1.02
22/10/2014,90,81.1,77,79,77,75,100,87.7,70,12,4,0,3.69
23/10/2014,86,81.1,77,79,76.5,75,100,86.5,70,9,3.5,0,0.25
25/10/2014,88,83.4,79,79,76.9,75,94,81.4,66,12,5.1,0,0
26/10/2014,91,83.9,77,79,77.4,75,94,81.5,63,10,4,0,0
28/10/2014,88,82.8,79,81,78,77,94,85.6,70,14,4.8,0,0.22
29/10/2014,88,82.1,79,79,77.3,75,94,86,74,13,4.7,0,0.18
30/10/2014,91,83.5,79,81,77.7,75,94,83.3,66,9,4.1,1,0
3/10/2015,88,81.8,77,75,72.9,70,89,75.6,58,9,3,0,2.65
4/10/2015,86,80.7,77,77,74.2,72,94,81.9,66,13,3,0,0.57
5/10/2015,86,78.7,72,75,73.3,70,100,84.3,66,18,4,0,29.39
9/10/2015,86,78.7,73,75,73,72,100,83.7,66,10,4.3,0,4.9
10/10/2015,86,79.5,73,75,72.8,72,100,80.6,62,8,3.2,0,59.34
12/10/2015,88,80.5,75,75,74.1,72,94,82.1,66,10,4,0,135.14
14/10/2015,86,79.4,75,77,74.2,72,100,85.5,66,10,3.2,0,143.46
15/10/2015,88,80.2,75,73,72.7,72,94,79.1,58,8,2.8,0,59.78
17/10/2015,86,81.2,77,75,73.5,72,89,79,66,12,4,0,22.75
18/10/2015,86,80.7,77,77,73.8,72,94,80.7,70,9,2.3,0,0.6
19/10/2015,86,80.5,77,75,74.4,73,94,82.7,70,12,3.8,0,0.45
20/10/2015,84,80.6,75,77,74.6,72,100,82.6,66,8,3.9,0,2.53
21/10/2015,86,81.2,77,77,74.8,72,94,82.2,62,8,2.6,0,3.82
22/10/2015,86,81.5,79,77,74.9,73,89,81.7,66,9,2.4,0,12.3
25/10/2015,88,80.1,73,77,73,70,94,79.8,58,17,5.3,0,2.24
27/10/2015,86,78.8,75,77,74.3,72,94,87.2,70,10,3.5,0,5.15
29/10/2015,88,80.5,75,75,73.5,70,94,80.8,58,9,4.2,0,0.21
3/10/2016,86,81.2,75,77,74.7,72,100,81.6,66,9,3.8,0,0.1
6/10/2016,84,80,75,79,75.8,73,100,87.8,74,12,2.8,0,13.43
7/10/2016,90,81.6,75,77,74.7,73,100,81.1,59,7,3,0,3.62
11/10/2016,88,83.3,79,79,76.3,75,94,79.9,66,9,4.6,1,0.86
14/10/2016,86,81.8,77,79,76.9,73,100,85.9,70,9,3.2,0,0.19
15/10/2016,88,81.6,75,79,76.5,73,100,85.5,66,9,3.2,0,0.24
17/10/2016,84,79.1,75,79,76.6,75,100,92.7,79,5,2.4,0,9.59
18/10/2016,88,81,75,81,77.3,75,100,89.2,66,6,2.6,0,8.43
19/10/2016,90,82.6,79,81,76.8,73,94,83.5,66,8,2.7,0,4.46
21/10/2016,90,84,79,79,77.1,75,94,80.6,66,9,3.5,0,6.31
22/10/2016,86,81.5,77,79,76.3,73,100,84.6,74,8,3.6,0,0.9
27/10/2016,90,82.7,77,79,75.8,73,100,81.3,59,12,3.8,0,6.95
29/10/2016,86,79.4,75,79,76.7,75,100,91.8,79,9,3.6,0,0.45
31/10/2016,84,79.9,75,79,76.5,73,100,89.8,74,18,5.1,0,0.04
5/10/2017,90,83,77,79,75.7,73,94,79.6,62,13,5.3,0,0.06
6/10/2017,91,83.9,77,79,77.2,75,100,81,59,12,5.5,0,0.26
10/10/2017,90,82.5,77,79,77.1,75,100,84.3,66,12,3.9,0,3.3
12/10/2017,90,82.9,79,77,74.4,72,89,76.6,62,12,4.7,0,3.13
13/10/2017,84,80.1,75,77,75.3,73,100,85.9,74,10,4.4,0,9.55
14/10/2017,88,82.3,77,79,75.8,73,94,81.5,70,10,4,0,159.65
15/10/2017,90,84,79,79,76,73,89,78,62,9,2.9,0,40.13
16/10/2017,90,83.8,79,79,76.2,73,94,79.3,59,10,2.7,0,2.13
17/10/2017,91,83.4,77,79,74.6,70,94,76.2,52,9,3.3,0,0.04
18/10/2017,93,84.2,77,79,76.1,73,94,77.6,59,13,3.3,0,0.22
24/10/2017,91,84.4,77,79,75.1,72,94,75,55,9,3.4,0,0.01
25/10/2017,93,84.3,79,79,75,70,94,75.3,46,15,5.1,0,0.12
26/10/2017,90,82.3,79,79,75.8,73,94,81.8,62,10,3.7,0,0.01
27/10/2017,90,81.5,77,81,75.9,73,100,84.3,62,10,3,0,0.16
28/10/2017,88,80.5,75,81,75.9,72,100,86.9,66,12,3.6,0,8.07
29/10/2017,90,82.6,77,79,74.2,72,89,77.8,59,18,5.7,0,21.96
30/10/2017,90,81.3,77,81,74.8,72,100,82.2,62,14,5.1,0,0.06
31/10/2017,86,80.7,77,81,75.6,72,94,85.1,70,14,4.3,0,0
1/10/2018,91,83.3,79,81,78.4,75,100,85,62,9,2.8,0,10.03
2/10/2018,86,81.7,79,79,75.5,73,94,82.8,66,12,3.6,0,73.91
4/10/2018,88,81.6,77,79,76.6,75,100,85.6,66,10,3.7,0,2.63
5/10/2018,90,84.1,79,79,77,75,94,80.2,66,12,4,0,0.92
6/10/2018,90,82,77,79,76.9,75,94,85.4,70,12,5.3,2,10.89
7/10/2018,91,81.1,77,77,75.9,72,100,85.9,55,9,3.8,0,0.84
8/10/2018,88,81.3,77,79,76.2,75,94,85.4,70,14,4.3,0,0.17
11/10/2018,91,82.6,77,79,76.4,73,100,83.3,59,8,3.5,0,0
12/10/2018,84,80.1,77,79,76,75,94,88.1,79,12,4.6,0,0.02
15/10/2018,88,81.1,75,79,76,73,100,85.4,66,10,3.3,0,0.01
19/10/2018,84,77.9,73,75,73.7,72,100,87.7,74,7,2.6,0,14.84
21/10/2018,90,82.4,75,77,75.4,73,100,80.9,62,13,3.9,0,8.7
23/10/2018,86,80,75,77,76.2,73,100,88.8,74,15,3.8,0,0.04
24/10/2018,86,78.9,75,77,75.5,73,100,90.2,74,15,3.2,0,25.29
29/10/2018,90,82.8,77,79,76.5,75,94,82.5,62,13,3.3,0,10.2
1/10/2019,90,82.1,77,79,76.1,73,94,83.3,62,10,3.8,0,16
2/10/2019,90,82.1,77,79,76.2,75,100,83.4,62,10,4,0,8.65
3/10/2019,88,80.9,77,77,75.4,73,94,84.5,66,13,5.1,0,2.5
4/10/2019,88,81.7,75,77,75.5,72,94,82,70,17,6.1,0,2.25
5/10/2019,88,81,77,79,76.6,75,94,87.2,70,12,4.1,0,3.2
6/10/2019,86,80.6,77,77,74.3,73,94,82.5,66,12,5.3,0,0.55
7/10/2019,91,82.6,77,79,74.1,73,94,77.7,55,9,4.6,1,2.61
8/10/2019,90,81.6,77,79,76.5,75,100,85.5,66,16,5.1,0,0.27
9/10/2019,88,80.3,75,79,75.5,73,100,86.3,70,14,5.6,0,73.29
10/10/2019,90,81.6,75,79,75.5,73,100,83,66,10,4.4,0,80.92
11/10/2019,91,83,77,79,75.1,72,94,78.5,55,10,4.9,0,30.36
12/10/2019,90,83.7,77,79,76,73,94,79,59,10,3.6,0,17.14
13/10/2019,90,81.5,75,79,75.9,73,100,83.9,66,20,5.4,0,0.67
14/10/2019,90,82.2,77,79,76.3,73,94,83.7,70,12,4.8,0,1.47
15/10/2019,90,81.9,77,79,75.8,73,94,82.8,62,18,4.7,0,2.5
16/10/2019,91,82.9,75,79,75.6,72,100,80.1,52,12,4.5,0,3.14
17/10/2019,90,83.2,77,79,76.6,75,94,81.7,62,12,4.8,0,40.64
18/10/2019,88,81.3,77,79,77.1,75,100,87.7,70,9,4.5,0,2.32
19/10/2019,90,81.4,77,77,75.9,75,100,84.8,62,17,4.6,0,0.63
20/10/2019,90,82.8,77,81,77.5,75,100,84.4,66,12,3.4,0,0.05
21/10/2019,88,81.7,79,79,77.9,77,100,88.8,74,12,4.4,0,0.1
22/10/2019,88,80.8,75,79,76.9,75,100,88.3,66,13,4.3,0,1.27
23/10/2019,90,81.1,77,81,77.3,75,100,88.7,70,10,4.4,0,5.17
24/10/2019,88,80.2,75,79,75.8,75,100,87.3,66,15,4.8,0,18.21
25/10/2019,90,80.3,73,79,75.6,73,100,86.7,66,9,4,0,0.94
26/10/2019,90,81,77,79,76.8,75,100,88.4,66,12,3.5,0,0.96
27/10/2019,88,80.5,73,79,76.5,73,100,88.3,70,17,3.8,0,13.92
28/10/2019,88,79.4,75,79,75.2,72,100,88,66,15,4,0,2.32
29/10/2019,90,80.5,75,77,75.1,73,100,85.2,59,9,3.4,0,0.79
30/10/2019,88,82.3,75,77,75.3,72,94,80.1,66,12,4.2,0,0.55
31/10/2019,84,79.5,75,79,76.5,75,100,91.1,79,9,2.8,0,1.11
3/10/2020,84,80,75,77,74.5,72,94,84.2,70,10,4.2,0,0.21
4/10/2020,91,82.3,77,81,76.5,73,100,83.5,59,9,2.4,0,0.81
6/10/2020,90,83.3,77,81,76.3,73,94,80.8,59,10,3,0,2.61
9/10/2020,88,81.3,77,79,77.3,75,100,88.2,70,9,3,0,0.74
11/10/2020,88,82.2,77,77,76,73,94,82.5,70,10,2.9,0,4.12
13/10/2020,82,78.1,73,77,74.8,73,100,90.8,83,13,2.8,0,0.6
14/10/2020,90,82.1,75,79,75.4,72,94,81.5,66,12,2.6,0,0.75
15/10/2020,90,83.5,79,79,76.8,75,94,80.9,66,8,2.8,0,0.43
16/10/2020,90,82.3,75,79,76.3,73,100,83.2,62,10,2.5,0,13.03
17/10/2020,91,84.4,79,79,77.1,75,94,79.7,63,9,3.1,0,40.28
18/10/2020,90,83.3,77,79,76.5,73,100,80.9,62,14,3.7,0,58.84
19/10/2020,93,85,79,79,75.3,72,94,73.9,52,8,3,0,5.19
23/10/2020,88,82.5,77,77,73.7,72,89,75.7,58,9,2.6,0,0.64
26/10/2020,82,79.3,77,77,74.4,72,100,86.4,70,12,2.6,0,0.07
27/10/2020,91,81.8,73,79,75,73,100,81,59,9,2.4,0,0
29/10/2020,88,82.9,79,79,76.3,75,94,81.7,66,7,2.3,0,0.27
30/10/2020,91,83.9,77,77,76.1,75,94,78.6,59,10,4,0,16.97
31/10/2020,91,84,81,81,76.8,72,94,79.7,58,12,3,0,2.03
1/11/2014,88,81.4,77,81,78,75,100,89.5,75,10,3.6,0,0.41
2/11/2014,88,82.5,77,81,78,75,100,86.5,75,9,3.9,0,0
3/11/2014,90,83.4,75,82,79.2,75,100,87,79,15,5.6,0,0.01
4/11/2014,90,84,79,82,79,75,94,84.8,75,10,3.1,0,3.64
14/11/2014,88,81.6,77,79,75.3,73,94,82.4,62,13,4.5,0,7.65
16/11/2014,88,81.1,75,79,76.1,73,100,85.8,70,12,3.2,0,3.31
18/11/2014,88,82.4,79,79,75.4,73,89,80,70,8,4.5,0,4.8
20/11/2014,90,82.8,77,75,74.1,72,89,76.5,59,10,5.1,1,20.78
22/11/2014,86,80.5,77,79,76.8,75,100,89.1,74,17,4.4,0,9.72
23/11/2014,90,81.5,75,79,75.3,73,94,82.3,62,10,3.7,0,3.71
24/11/2014,86,81.6,77,79,77.5,75,94,87.7,74,8,3.3,0,22.27
25/11/2014,90,82.2,77,79,77,75,100,85,62,10,3,0,17.37
27/11/2014,91,82.7,77,79,75.6,73,94,80.8,62,14,5.2,0,16.47
1/11/2015,86,77.7,73,77,73.3,72,94,86.6,66,12,3.8,0,18.31
3/11/2015,86,79.3,75,75,73.5,72,94,83.5,66,12,4.2,0,2.21
4/11/2015,86,79.6,75,75,73.4,72,94,82.4,66,12,4.3,0,1.64
5/11/2015,86,79.8,75,75,73.2,72,94,81.2,66,13,4.7,0,5.47
7/11/2015,84,77.7,73,75,72.8,70,100,85.4,70,6,2.3,0,10.67
13/11/2015,84,79.1,75,77,73.6,73,94,84.3,70,17,3.7,0,0.56
14/11/2015,90,82.1,75,75,72.1,68,89,73,49,9,3.7,0,0.08
17/11/2015,86,78.2,73,77,74,73,100,88.3,70,14,3.4,0,0
18/11/2015,88,80.4,73,77,73.8,72,100,81.6,62,12,3.9,0,0.03
23/11/2015,88,79.7,75,75,73.2,72,94,81.8,58,9,4.2,0,11.99
25/11/2015,84,79,73,77,73.6,73,100,84.9,70,10,3.4,0,0.03
26/11/2015,90,81.1,77,77,74.3,72,94,81.4,55,10,3.5,0,2.05
27/11/2015,84,79.4,77,75,73.1,70,94,82.2,70,15,3.9,0,5.36
28/11/2015,88,79.3,73,77,73.3,70,100,82.2,66,10,4.3,0,12.39
29/11/2015,88,78.9,75,77,74.2,72,100,86.3,66,13,4.6,0,3.09
30/11/2015,82,77.7,73,75,73.8,72,100,89,79,8,3.2,0,0.31
1/11/2016,86,79.7,75,77,75.7,73,100,88.1,74,8,3.2,0,0.03
2/11/2016,91,82.8,75,77,74.4,72,94,77.4,55,12,4.1,0,0.5
5/11/2016,86,79.8,75,79,76,73,100,89.1,74,8,3.2,0,1.15
6/11/2016,86,80.6,75,77,76,73,100,86.6,70,8,3.5,0,1.51
8/11/2016,91,82.8,75,79,76,73,100,81,59,12,3.3,0,0
9/11/2016,84,81.1,79,79,75.9,73,94,85.2,70,13,4.4,1,0.01
13/11/2016,88,81.9,77,79,77.4,75,100,86.8,70,12,4.3,0,1.12
14/11/2016,90,81.6,77,79,76.4,75,94,85.4,62,15,5.1,1,0.89
16/11/2016,88,81.7,77,79,76.4,75,100,84.6,66,9,3.5,0,0.29
18/11/2016,90,81.8,77,79,76.1,73,100,83.8,62,13,5.4,0,0
19/11/2016,90,82.4,77,79,77.3,75,100,85.4,70,10,4.2,0,0.01
22/11/2016,88,81.8,77,81,78.2,77,100,88.9,74,9,3.2,0,5.83
23/11/2016,88,82.7,79,79,77.9,77,100,86.1,70,12,3.8,0,2.75
24/11/2016,88,81.4,75,79,77.5,75,100,88.5,70,13,4.1,0,1.08
25/11/2016,90,82.4,75,79,77,75,100,84.5,70,13,5.1,1,4.32
30/11/2016,88,82.3,75,77,75.3,73,100,80.5,66,10,4.1,0,6.26
7/11/2017,88,81.7,77,79,76.4,73,94,84.8,70,7,2.1,0,0.44
9/11/2017,88,80.9,77,79,75.6,72,94,84.6,70,12,4.8,0,1.25
12/11/2017,90,80.8,75,77,74,68,100,81,62,9,3.9,0,10.35
13/11/2017,90,82.7,77,79,74.8,72,94,78.4,59,8,3.1,0,4.5
14/11/2017,88,81.1,79,79,76.8,75,100,87.8,74,12,3.1,0,0.57
16/11/2017,88,82.4,77,81,77.1,75,100,84.6,66,7,2.5,0,0.67
17/11/2017,90,82.9,77,79,76.8,75,100,82.9,62,12,3.8,0,0.77
23/11/2017,90,81.3,77,79,76,73,100,85,62,14,4.9,0,0.66
24/11/2017,88,81.7,77,77,75.6,73,100,82.5,66,8,2.8,0,5.84
25/11/2017,88,82,79,79,75.8,73,94,82.6,66,10,4.3,0,6.71
27/11/2017,88,80.2,77,79,75.4,73,100,86.4,70,9,4,0,2.24
28/11/2017,79,77.6,77,77,75.2,73,100,92.9,83,10,5.3,0,0.22
30/11/2017,82,79.2,77,79,76.5,75,100,92.2,84,10,3.9,0,16.65
4/11/2018,90,82.4,77,79,76.3,73,94,82.8,66,12,4,0,18.9
5/11/2018,88,81.5,77,79,76.5,73,100,85.6,70,9,3.7,0,2.71
6/11/2018,88,83,79,77,75.3,73,94,78.9,66,9,4.2,0,11.51
10/11/2018,90,83.5,79,77,75.5,73,94,78.1,62,9,4.5,0,4.31
11/11/2018,93,84,79,79,76.5,73,94,79.5,55,10,3.7,0,0.67
12/11/2018,88,82.9,79,79,77,75,94,83.5,66,13,4.8,0,1.41
13/11/2018,88,82.1,79,79,77.2,75,100,85.8,74,10,3.6,0,1.76
14/11/2018,90,81,77,79,76.7,73,100,87.8,66,18,3.8,0,8.03
18/11/2018,90,85.2,81,79,77.5,73,94,78.3,59,9,3.3,0,0.05
19/11/2018,86,80.5,75,77,74.6,72,94,83.3,74,14,5.7,0,0.18
21/11/2018,86,78.6,75,79,76.3,73,100,93.1,74,12,3.2,0,29.68
22/11/2018,88,81.6,75,79,76.5,75,100,85.2,70,12,4.9,0,3.79
25/11/2018,88,80.3,75,79,76.5,75,100,89,74,12,3.1,0,4.11
26/11/2018,90,82.7,77,79,76.2,73,94,82,59,8,2.5,0,0.6
29/11/2018,88,80.8,77,81,77.3,75,100,89.5,70,8,3,0,6.75
1/11/2019,88,80.5,75,77,74,72,100,82.3,58,10,3.8,0,4.91
3/11/2019,90,82.3,77,77,75.1,73,94,79.9,62,7,2.5,0,0.14
4/11/2019,88,81.5,75,79,75,72,100,81.8,62,7,3.1,0,4.79
5/11/2019,90,82.8,77,77,74.9,73,94,78.4,62,9,3.5,0,0.11
6/11/2019,90,83.9,77,79,75.4,73,94,76.9,59,12,4.3,0,5.09
7/11/2019,90,81.8,75,77,74.9,73,100,81.3,62,13,4.6,0,1.05
8/11/2019,84,79.5,75,75,73.9,72,100,84.3,66,14,4.3,0,5.16
12/11/2019,82,79.2,77,77,75.8,75,100,90.4,79,14,1.5,0,6.8
16/11/2019,88,81.8,77,79,76.3,75,100,84,70,13,4.6,0,0.52
17/11/2019,90,83.3,77,79,76.3,73,94,80.5,66,12,4.2,0,0.33
19/11/2019,90,82.2,77,79,76.5,73,100,84,62,13,5,0,0.16
21/11/2019,90,82.6,75,77,72.4,64,100,73.6,43,10,3.1,0,0.35
26/11/2019,91,83.8,77,75,73.1,70,89,71.7,55,21,8.7,0,7.04
28/11/2019,90,82.4,77,79,75.3,73,100,80.6,66,10,3.9,0,5.48
29/11/2019,90,83.5,79,79,74.5,72,94,75.5,62,15,8.3,0,0.62
1/11/2020,88,81,75,79,75.5,73,100,84.3,66,8,2.9,0,9.69
3/11/2020,84,80.1,77,79,76.4,73,100,89,79,9,3.3,0,4.6
5/11/2020,88,82.3,77,77,76.6,73,94,83.7,62,10,3.6,0,0.06
6/11/2020,90,82.2,75,79,76.8,75,100,84.4,66,12,3.8,0,0.27
10/11/2020,88,82.2,77,79,75.8,72,100,82.1,58,10,4.7,0,9.57
11/11/2020,88,82.3,79,79,77.2,75,94,85,74,9,3.8,0,0.21
12/11/2020,90,82.7,79,79,75.6,73,89,80.3,59,12,5.7,0,0.21
13/11/2020,90,82.8,79,79,77,73,94,83.9,62,8,3.4,0,1.01
14/11/2020,90,82.9,77,81,76.8,73,94,82.3,70,12,3.9,0,0.79
15/11/2020,88,82,77,79,77.2,73,94,85.9,70,12,4.8,0,9.49
16/11/2020,90,82.2,77,81,77.4,75,100,86.5,62,13,4.6,0,0.78
17/11/2020,88,81.7,77,79,76.1,73,94,84,66,12,3.5,0,15.61
18/11/2020,77,77,77,77,77,77,100,100,100,0,0,0,12.28
19/11/2020,90,80.9,77,79,77.5,77,100,90.2,66,13,3.8,0,0.69
20/11/2020,88,82.5,77,79,77.3,75,100,85.1,66,10,3.2,0,0.79
21/11/2020,84,80.4,79,79,76.9,75,94,89.8,74,15,3.2,0,0.56
22/11/2020,86,79.7,77,79,75.3,73,94,87.5,74,15,4,0,2.54
25/11/2020,88,80.5,73,77,74.5,72,94,82.3,62,9,2.9,0,3.31
27/11/2020,86,80.7,77,79,75.9,73,100,86.1,74,12,4.3,0,6.69
28/11/2020,86,79.2,77,79,76.4,73,100,91.6,74,10,3.4,0,10.41
29/11/2020,88,81.3,75,79,75.2,72,94,82.4,70,10,4.5,0,16.29
30/11/2020,88,82.7,77,79,76.6,75,94,82.8,66,12,4.4,0,11.18
4/12/2014,90,82.6,77,79,76.4,73,94,82.3,62,13,5.3,0,0.34
5/12/2014,90,82.4,79,79,77.1,75,94,85,66,12,4.6,0,0.22
6/12/2014,90,82.3,77,77,75.3,73,94,80.5,59,15,4.1,0,0.88
8/12/2014,88,81.1,77,79,76.5,75,100,86.9,70,16,5.4,1,6.77
9/12/2014,90,82.2,75,77,74.8,73,100,79.6,59,13,3.4,0,5.53
11/12/2014,91,84.3,77,77,72.6,68,89,69.1,49,13,6.5,1,3.6
18/12/2014,84,80.3,77,77,73.7,73,94,81.2,70,12,5.9,1,2.27
20/12/2014,82,79.5,77,77,74,73,94,84.7,79,10,6.1,2,7.71
22/12/2014,81,77.6,77,75,74.7,73,94,91.8,79,8,3.1,0,3.67
23/12/2014,79,76.9,75,75,74.9,73,100,94.1,83,8,2.6,0,1.68
24/12/2014,84,79.8,77,77,75.2,75,94,86.5,74,9,4.4,0,27.07
28/12/2014,88,80.8,77,77,74.1,72,94,81.5,66,12,5.2,0,0.01
31/12/2014,82,81.6,81,77,75.3,75,89,81.9,79,5,1.7,0,0.15
1/12/2015,88,80.1,75,77,74.2,73,94,83.6,66,10,4,0,0
2/12/2015,86,79.9,75,77,73.9,72,94,82.8,70,10,3.5,0,0.09
3/12/2015,88,81.2,75,77,75,73,94,82.7,66,12,4.2,0,0.36
4/12/2015,88,80.2,75,75,73.5,73,94,81.9,66,9,3.1,0,0.01
5/12/2015,84,79.8,77,75,73.8,72,94,82.9,70,12,3.6,0,0.01
6/12/2015,88,79.9,75,77,73.5,72,100,82,66,14,5.8,0,0.83
8/12/2015,84,79.4,75,77,74.3,73,100,85.5,70,9,2.6,0,0.32
10/12/2015,88,81.5,77,79,75.3,73,94,82.5,66,12,3.1,0,3.84
20/12/2015,86,80,73,70,69.1,68,88,69.5,58,12,7.1,0,0.53
21/12/2015,88,81.7,77,73,70.6,68,79,69.3,58,14,6.1,1,1.12
29/12/2015,88,81.4,77,73,71.4,68,89,71.8,55,14,7.4,2,0.88
30/12/2015,90,81.6,77,72,67.6,63,78,63.1,49,13,8,0,2.66
31/12/2015,88,79.7,73,75,67.6,63,89,67.5,52,14,7.1,3,0.03
6/12/2016,91,84.7,79,79,77.1,75,94,78.8,62,12,4.3,0,3.13
7/12/2016,93,85.2,79,79,76.2,75,89,75.3,59,10,5,1,5.71
10/12/2016,88,80.5,77,79,76.1,75,94,87.7,66,13,5.1,0,2.22
11/12/2016,84,79.4,73,77,75,70,100,87.2,74,16,3.7,0,0.81
12/12/2016,86,79.1,73,77,74.3,72,100,86.3,70,8,3,0,8.24
14/12/2016,88,81.6,75,77,75.1,72,100,82.3,58,7,3.1,0,13.16
15/12/2016,88,80.9,77,79,75.3,73,94,84.3,66,9,3,0,12.75
16/12/2016,88,81.8,77,77,76.1,75,94,83.9,66,9,3.1,0,11.34
18/12/2016,88,82.1,77,79,75.8,73,89,82.2,70,10,5.4,1,4.48
19/12/2016,88,82.3,79,79,74.5,72,89,78.6,62,10,6,1,12.38
20/12/2016,81,78.9,75,75,74.6,73,94,88.2,79,12,5.1,1,0.78
21/12/2016,88,80.3,75,79,75.4,73,100,85.9,70,12,4.7,0,1.28
22/12/2016,88,80.5,77,79,77.4,75,100,90.8,70,9,3.2,0,3.35
26/12/2016,88,81.9,77,77,75.3,73,94,81.3,66,8,3.8,0,2.72
29/12/2016,88,82.1,75,77,74.4,70,94,78.2,66,12,4.6,0,1.45
30/12/2016,90,81.4,75,77,73.2,70,94,77.2,62,12,6.4,1,18.65
31/12/2016,82,80,77,75,74,72,94,83.4,78,12,6.3,2,4.25
6/12/2017,93,83.7,79,79,75.9,73,89,78.5,56,7,3.8,0,0
8/12/2017,90,82.8,77,77,74.3,72,94,76.9,62,12,5.2,0,3.44
9/12/2017,90,81.8,75,79,74.6,72,94,80,66,10,4.8,0,0.14
10/12/2017,90,81.9,75,77,74,72,94,78.6,62,7,3.6,0,3.33
13/12/2017,91,83.3,77,79,74,72,89,75,58,8,2.7,0,1.44
15/12/2017,91,83.3,77,77,73.4,70,89,73.6,49,9,3.5,0,9.37
16/12/2017,91,84,77,75,72,68,89,68,49,9,4,1,14.43
19/12/2017,90,83.8,79,72,66.8,64,66,57.3,46,17,11.4,7,16.84
21/12/2017,91,82.7,77,70,67.1,66,74,60.4,43,17,12.5,7,1.73
23/12/2017,84,81,77,73,72.3,72,83,74.6,66,12,6.6,2,0.63
24/12/2017,91,83.2,79,79,74,72,89,74.9,52,13,7.3,0,0.76
28/12/2017,91,82,75,77,74,72,94,77.8,59,10,3.9,0,7.43
29/12/2017,90,81.7,77,79,75,72,94,81.3,66,12,4.7,0,1.96
31/12/2017,88,81.9,77,77,73.3,72,94,75.8,58,13,5.7,0,0.08
1/12/2018,90,81.3,77,79,76.6,73,100,86.8,70,9,2.7,0,0.88
4/12/2018,90,81.5,75,79,76.1,72,100,84.8,66,12,5.5,0,5.14
5/12/2018,90,80.8,77,81,76.4,75,100,87.2,66,12,4.1,0,0.42
6/12/2018,86,80.1,77,79,76.1,73,94,88.3,79,14,3.2,0,1.27
11/12/2018,86,81.9,77,79,76.1,73,94,82.7,74,10,3.8,0,28.35
17/12/2018,84,79.5,75,77,74.5,72,100,85.5,70,8,4.4,0,6.61
18/12/2018,90,81.5,75,77,74.2,72,94,79.2,62,8,3,0,0.13
19/12/2018,88,81.5,75,77,75.8,75,100,83.9,66,14,3.2,0,0.04
21/12/2018,90,84,79,81,76.6,73,89,79,62,8,3.7,0,0
22/12/2018,91,84.5,79,79,74.6,70,94,73.4,49,10,4.5,0,0.03
23/12/2018,90,84,77,79,75,72,89,75.6,55,9,3.6,0,0.04
26/12/2018,86,80.2,75,79,76,73,100,87.4,74,12,2.6,0,0.06
27/12/2018,86,80.4,75,77,74.3,66,100,83.3,55,7,2.5,0,0.55
1/12/2019,84,81.1,79,77,74.6,72,94,81.9,70,12,6.4,0,0.04
3/12/2019,88,83.5,79,77,74,72,89,73.4,66,14,5.8,0,10.22
5/12/2019,91,83.7,79,77,72.5,70,84,69.3,55,14,8.7,2,4.27
6/12/2019,91,84.3,79,73,71.3,70,79,65.2,52,16,12.3,7,0.72
11/12/2019,88,81.6,75,75,72.2,70,94,73.9,55,13,6.5,2,1.31
12/12/2019,90,83.2,77,75,72,70,79,69.5,55,12,6.1,0,0.05
14/12/2019,86,82.4,79,73,70.7,68,74,67.3,58,13,9,5,0
18/12/2019,88,81.5,77,77,74.4,72,89,80.2,62,10,5.3,0,0.69
19/12/2019,90,83.1,77,79,76.5,73,100,81.3,66,9,3.9,0,0.12
21/12/2019,91,83.4,77,79,72,68,100,69.3,52,10,5.9,0,0.1
22/12/2019,90,83.2,75,73,69.8,66,79,64.5,52,12,5.3,0,0.16
23/12/2019,90,83.6,79,77,73.6,72,89,73.5,55,13,4.3,0,5.53
24/12/2019,90,83.5,77,77,73.9,70,89,74.3,55,10,4.1,0,0.68
26/12/2019,90,83.6,79,77,73.5,68,89,72.9,59,9,4,0,0.09
27/12/2019,90,82.9,77,77,72.9,70,89,72.4,52,12,5.5,0,9.78
29/12/2019,90,83.1,79,77,73.3,70,84,72.8,55,12,6,0,0.34
30/12/2019,91,84.4,79,79,75.7,73,100,76.3,55,13,5,0,2.97
31/12/2019,91,84.7,79,79,72.9,70,89,69,49,10,6.4,0,6.73
1/12/2020,84,81.2,77,79,75.6,73,94,84.1,74,10,4.8,0,1.67
2/12/2020,88,81.5,77,77,73.8,72,94,78.8,62,12,4.1,0,1.91
3/12/2020,88,80.7,77,79,75.3,72,100,84.7,66,12,5.5,0,3.75
4/12/2020,88,80,77,79,74.5,72,100,83.5,62,12,5.2,0,24.22
5/12/2020,88,82.2,77,75,72.9,70,89,73.9,55,10,3.4,0,2.04
6/12/2020,90,83.5,81,77,73.5,70,84,72.5,59,12,6,0,0.71
9/12/2020,91,84.5,79,77,74.2,72,89,72.7,52,13,6.6,1,0.02
10/12/2020,91,83.6,79,79,74.3,72,89,74.7,55,10,6,0,0.01
11/12/2020,90,83,79,79,75,72,89,78.1,59,12,6.4,0,0.01
12/12/2020,90,81.7,77,79,75.1,73,100,81.8,62,16,7,0,0.5
13/12/2020,88,80.8,77,79,75.8,73,94,85.4,66,12,3,0,1.63
14/12/2020,90,82.2,77,79,76.2,75,94,83.3,62,12,4.6,0,1.44
16/12/2020,88,80,75,79,76.1,73,100,88.9,66,12,3,0,6.51
17/12/2020,84,79.3,75,77,75.1,73,100,88,74,10,4.1,0,3.94
18/12/2020,86,78.3,75,79,75,73,100,90.3,74,13,4.5,0,8.48
19/12/2020,88,81.2,77,75,73.2,72,89,77,62,15,6.6,0,3.67
22/12/2020,90,83.3,77,73,71.3,68,78,67.5,55,14,9.2,3,0.01
24/12/2020,90,82.9,77,77,73.7,72,84,74.5,59,9,5.2,0,0
26/12/2020,88,80.2,77,77,75.5,73,94,86.9,70,20,5.6,0,1.38
27/12/2020,90,82,75,77,73.9,72,94,78.4,55,12,5.4,0,0.18
28/12/2020,90,82.4,77,77,75.7,73,100,81.3,62,10,3.4,0,0.71
31/12/2020,91,81,75,77,73.6,70,100,80.2,52,14,5.3,0,2.7
